#{"t_start": 1692366665.0524924, "env_id": null}
r,l,t
6.425019,11,0.175392
8.190993,12,0.18264
8.612018,12,0.183364
10.005452,14,0.18966
13.196644,15,0.193746
10.353134,15,0.194554
12.65399,16,0.199853
10.452419,17,0.204201
19.742374,19,0.211297
20.51831,21,0.217045
18.760593,23,0.224271
10.76681,23,0.225079
9.173249,11,0.225512
24.077396,24,0.229414
17.167992,26,0.234725
11.260871,28,0.243772
30.961964,29,0.246697
9.379865,12,0.24737
9.050205,15,0.251337
17.80496,17,0.258118
15.739317,23,0.264499
8.585358,13,0.271937
37.51221,38,0.276823
18.78776,29,0.284291
14.013822,17,0.28522
13.568872,14,0.288321
12.730498,22,0.29136
14.869003,30,0.294394
49.199318,44,0.295257
23.104004,45,0.29828
42.294888,46,0.302781
12.286724,23,0.304856
9.266467,15,0.307669
22.446608,21,0.31444
9.923224,16,0.323411
22.163004,31,0.324327
8.28422,13,0.325247
10.796447,14,0.328845
15.478827,19,0.329813
8.054601,11,0.333869
8.599252,10,0.334706
10.149927,12,0.335574
11.100484,14,0.340289
10.383659,12,0.344275
46.698124,44,0.35046
9.174326,15,0.356236
8.6109,20,0.362715
22.183594,22,0.363815
32.389244,36,0.367886
8.776143,11,0.369021
48.998253,46,0.370137
44.638138,40,0.375136
9.907198,12,0.376057
8.971755,12,0.382559
16.675726,18,0.383717
11.805907,14,0.387971
8.925898,10,0.391561
13.589082,16,0.394907
9.566358,12,0.403594
19.745335,21,0.407589
25.67094,46,0.412314
9.497576,11,0.415423
10.204173,15,0.422314
10.115904,25,0.42943
15.494217,17,0.430607
8.253524,14,0.434162
15.49533,27,0.437739
11.670898,18,0.438756
41.396915,50,0.442414
6.9332957,11,0.447574
22.413671,22,0.454747
7.616715,12,0.455708
9.9629965,33,0.461898
13.066769,21,0.465617
27.321762,24,0.468851
23.36717,22,0.472002
32.53327,30,0.478326
6.836739,14,0.479264
39.28188,31,0.482776
11.8857765,14,0.486789
9.581696,15,0.487656
10.893409,20,0.488469
9.91988,12,0.493033
10.526048,12,0.499879
8.67431,17,0.500892
10.943345,12,0.508852
16.267849,21,0.514399
17.864536,26,0.515376
44.040485,38,0.520793
8.701998,11,0.531593
16.703096,17,0.535929
12.754061,17,0.536643
18.97791,25,0.539737
16.671078,17,0.542935
9.04857,16,0.543888
28.3988,34,0.547492
16.603746,18,0.548494
91.68402,57,0.549514
46.7086,42,0.552944
22.247791,24,0.56297
33.248867,29,0.570448
12.780729,16,0.573891
18.777693,21,0.577381
12.981109,15,0.583097
9.442505,14,0.584108
8.961416,22,0.587751
18.944427,28,0.592057
20.656702,36,0.593177
11.412222,14,0.594206
35.583,39,0.598268
7.449707,13,0.599289
12.69891,22,0.621295
26.332474,23,0.622444
11.138106,14,0.627205
9.867331,22,0.628221
10.147097,12,0.632612
8.360323,11,0.637166
39.154205,44,0.645809
16.431051,22,0.650533
40.278755,38,0.654936
20.121174,21,0.655775
31.910122,33,0.663995
32.453934,30,0.665178
9.398896,22,0.676877
11.497601,24,0.681114
8.693354,14,0.684589
10.443988,12,0.691155
9.5946665,15,0.694637
8.659764,11,0.701754
9.741077,14,0.705487
16.615534,19,0.706564
10.173598,14,0.707448
28.07072,44,0.714294
14.712643,18,0.71749
7.087111,12,0.721492
26.62628,33,0.72237
20.512434,39,0.728551
20.479773,29,0.734669
27.427145,30,0.74067
31.727682,31,0.741733
24.511354,22,0.742818
13.032304,14,0.753664
6.517649,9,0.754668
14.191502,17,0.755465
55.111973,43,0.76402
13.428422,17,0.77089
7.261381,17,0.771705
63.113342,47,0.774904
9.50673,16,0.778466
11.390555,27,0.784076
11.739906,17,0.801875
19.450583,19,0.803104
15.9062195,16,0.807707
18.313028,22,0.808616
23.983515,30,0.819402
14.966085,20,0.82056
11.034888,14,0.827106
9.77727,15,0.828306
22.14675,22,0.836824
12.896248,24,0.842881
16.284405,20,0.844067
16.933966,19,0.852526
14.971171,20,0.853626
14.85962,15,0.861177
12.103639,28,0.868842
11.857998,13,0.870059
34.945137,49,0.870906
9.335049,18,0.875479
9.616645,11,0.88215
34.296806,49,0.883305
30.604662,36,0.88441
9.149709,17,0.889767
11.381177,13,0.899254
155.47676,79,0.903033
9.402063,12,0.904059
34.021225,29,0.913074
40.16344,30,0.917184
89.95432,56,0.926381
20.706163,21,0.927504
12.815189,15,0.928515
19.940392,28,0.938426
15.706877,28,0.939764
22.958666,22,0.943617
36.637917,52,0.956802
21.97988,22,0.957725
7.415773,11,0.961862
16.495337,20,0.962936
14.191927,20,0.967133
14.851311,25,0.970985
26.607622,29,0.977781
17.073973,19,0.979027
18.192171,27,0.984569
24.198412,23,0.991366
21.081629,22,0.992272
16.901999,18,1.003112
26.133003,23,1.006954
11.336215,19,1.007881
10.210638,18,1.014129
5.3076835,12,1.023238
9.002092,24,1.024031
11.1979475,20,1.03404
14.47278,15,1.035035
32.949345,39,1.03597
12.446378,15,1.039934
4.5057187,9,1.047125
38.643215,42,1.048181
4.849729,8,1.054946
6.957111,23,1.055961
11.151957,18,1.059811
9.305006,14,1.060877
12.507463,32,1.065611
14.691118,28,1.071638
7.779971,28,1.072657
14.166424,30,1.076066
6.2634697,19,1.079305
7.8884506,11,1.082572
27.850916,25,1.085695
11.301139,15,1.09212
6.6919794,9,1.092821
16.370684,32,1.0937
11.124628,13,1.098767
20.82151,19,1.099865
19.46399,21,1.112323
8.278253,10,1.113318
31.413069,48,1.120696
15.662729,18,1.121958
41.115955,32,1.122926
11.673444,12,1.126607
14.697385,15,1.129918
17.64594,21,1.133931
32.025463,27,1.139042
11.3285055,25,1.14308
9.374716,14,1.147073
13.373797,22,1.154108
14.532808,17,1.158414
9.864676,19,1.159495
6.281111,12,1.163975
28.385614,25,1.168257
11.2669525,18,1.169455
26.419476,29,1.176856
6.740819,11,1.182607
25.809444,25,1.190946
11.548343,17,1.192103
9.381307,13,1.19329
9.062355,13,1.197649
7.597325,10,1.201876
10.339397,19,1.203045
17.296627,19,1.207691
12.375641,22,1.208799
12.168262,18,1.20999
8.593773,11,1.218544
10.65618,13,1.223219
11.00436,16,1.227335
21.26428,20,1.23329
5.6412377,8,1.236585
17.756319,36,1.242927
6.1461964,9,1.243965
27.301853,23,1.252884
12.029195,21,1.253932
9.745081,16,1.257761
15.997715,17,1.263026
40.434105,34,1.263971
11.477758,16,1.267951
11.246102,22,1.268944
7.680649,17,1.269901
10.762104,14,1.274221
6.4481964,9,1.275243
23.425133,29,1.298491
11.442228,24,1.303528
10.95986,12,1.304606
9.05501,16,1.310472
8.292044,14,1.317101
8.4418745,20,1.322367
19.91974,27,1.325928
11.406233,15,1.326914
27.606405,34,1.330544
12.566637,19,1.331514
9.628717,17,1.334816
14.195397,17,1.338914
18.86348,19,1.343398
9.869628,12,1.350654
32.182247,33,1.354413
32.089493,35,1.365749
6.994007,11,1.369386
26.315323,26,1.370531
10.058093,11,1.376119
9.6286335,15,1.377202
12.698308,32,1.382828
6.3719006,10,1.386185
15.6290865,18,1.389746
26.924913,35,1.394284
15.44573,18,1.397943
45.573395,51,1.401898
17.9628,28,1.402854
13.582062,21,1.407182
5.4805293,27,1.408253
18.458061,27,1.413475
20.522718,20,1.414517
13.206655,34,1.426162
20.994112,30,1.432591
103.50594,97,1.433603
14.975395,19,1.434497
8.971766,12,1.435769
14.594679,18,1.436727
9.094369,11,1.445349
10.487539,26,1.44656
17.819288,20,1.447499
9.440064,14,1.451355
25.747656,22,1.466584
10.895156,19,1.470686
7.787617,10,1.47581
16.321257,27,1.479811
18.420101,20,1.480782
27.378181,24,1.481703
12.475452,14,1.491084
12.91027,16,1.497797
14.118116,26,1.50381
26.432644,25,1.507151
8.445821,11,1.510388
14.865554,23,1.513732
7.6606445,11,1.519352
11.455902,14,1.520472
20.832996,19,1.521604
14.299986,30,1.522697
19.126537,23,1.526756
19.052069,33,1.538121
7.1621423,9,1.539344
16.057022,28,1.543587
23.538033,27,1.549416
5.8908577,15,1.550874
10.081306,19,1.557855
5.3409185,11,1.562788
6.6255236,11,1.568404
13.374232,15,1.57247
43.165215,33,1.576075
10.706447,15,1.583406
6.905408,11,1.587322
13.654489,22,1.5885
5.1203504,11,1.597748
72.68111,59,1.603813
14.979568,22,1.604913
4.237417,13,1.609885
12.522124,16,1.611002
22.419611,35,1.615031
17.265375,18,1.615989
19.470346,43,1.617095
17.221733,17,1.621417
9.174254,13,1.625512
19.256481,25,1.629589
9.65384,13,1.63063
38.710857,38,1.63605
22.72037,28,1.640663
9.691547,15,1.647179
13.084946,21,1.653753
8.525413,12,1.65971
10.079949,12,1.663763
8.018435,11,1.668118
8.579794,13,1.669197
9.379335,18,1.67945
6.3499384,9,1.68054
9.49626,13,1.681586
22.798239,23,1.682534
44.46628,39,1.683366
20.50964,19,1.69273
9.25548,26,1.693632
16.291914,17,1.697352
35.74844,38,1.703402
8.31458,12,1.711606
21.761522,25,1.715276
24.227722,28,1.718437
9.226552,15,1.723302
16.503246,30,1.723911
7.0783205,16,1.72465
14.550411,15,1.731753
9.266787,16,1.734759
6.8304048,9,1.739518
11.315934,14,1.745036
10.634712,20,1.746096
24.597336,27,1.747095
29.899529,41,1.751649
46.88326,33,1.75269
8.229285,12,1.759504
12.884144,15,1.765043
8.44448,10,1.766019
11.799773,22,1.767031
10.006323,14,1.770371
14.877467,15,1.774794
20.076668,23,1.775702
7.1785145,11,1.776568
17.815514,18,1.784884
7.3216476,10,1.786027
16.622227,31,1.791939
10.551845,12,1.795662
36.512417,44,1.799395
8.563839,16,1.802566
8.6168785,14,1.806603
6.614047,10,1.807584
6.6507254,10,1.808388
8.630243,13,1.812084
8.546643,11,1.815651
7.263289,10,1.816709
8.381887,11,1.821275
11.748718,20,1.827103
12.926982,14,1.830152
10.717054,12,1.833598
43.17104,40,1.836422
8.039238,10,1.848477
13.637172,18,1.849477
10.034764,16,1.850332
44.092663,54,1.854003
7.4845824,9,1.860824
8.782496,30,1.861758
12.917014,18,1.864507
6.6148915,10,1.867839
18.717955,19,1.872027
16.216305,17,1.872928
9.645561,13,1.87367
13.996222,18,1.877166
12.660856,24,1.888193
10.784717,23,1.889232
10.089867,13,1.896222
7.538638,14,1.899543
34.16825,38,1.902969
24.304945,24,1.907238
9.232858,11,1.910923
13.174285,15,1.914371
29.384272,34,1.91806
9.843528,12,1.918763
13.1475115,17,1.922589
12.33287,34,1.926064
18.978561,19,1.938036
7.819149,21,1.94119
22.820457,23,1.944623
79.02009,75,1.945625
8.443407,12,1.949552
15.116301,17,1.950535
7.0026927,10,1.954041
8.215183,24,1.958077
47.058655,47,1.959035
9.858692,13,1.960089
14.465949,15,1.961016
12.376354,15,1.971511
13.377281,24,1.978306
17.245611,23,1.984573
9.635,11,1.985615
25.954754,37,1.989689
11.665337,13,1.990782
8.084973,11,1.991976
9.135935,11,1.996072
23.494865,30,2.007349
7.4616995,12,2.015387
58.445286,45,2.016401
10.403199,18,2.026595
11.346993,17,2.027734
8.324593,10,2.053225
7.1218534,12,2.093448
24.876928,23,2.094488
22.364744,21,2.115625
34.004295,30,2.116667
23.262423,23,2.157668
45.0719,35,2.179724
15.355012,18,2.200317
13.453269,17,2.201265
20.578455,21,2.255485
7.1890345,12,2.274276
11.666405,15,2.292575
19.75448,24,2.344707
7.959078,21,2.360484
33.159927,37,2.378672
33.968555,36,2.396377
19.226929,32,2.413213
18.882313,20,2.414202
6.7553287,14,2.414836
8.3653965,17,2.432099
12.889315,14,2.493003
15.602541,18,2.509697
12.304863,15,2.527414
9.054081,25,2.543561
7.0494394,10,2.544455
16.939318,21,2.559723
10.55022,27,2.591593
11.278253,13,2.623165
27.691532,31,2.639562
36.060287,34,2.656264
11.456308,20,2.688071
8.546549,17,2.688939
28.299595,24,2.732275
88.08948,71,2.807342
11.225072,15,2.808071
7.113393,11,2.822637
12.771153,20,2.837576
39.004856,51,2.880516
15.773787,25,2.895924
19.119778,19,2.896966
18.380783,18,2.912724
28.222237,33,2.928085
16.802914,33,2.942671
18.892162,26,2.943689
6.599511,17,2.962558
13.35526,26,2.963543
13.579024,21,2.994974
8.00513,10,2.995749
13.11387,16,3.050148
8.841557,11,3.069441
67.201805,55,3.084343
22.784304,41,3.085366
6.509336,9,3.102228
6.4195237,14,3.103099
11.739118,15,3.135897
5.2221417,20,3.136924
8.201186,14,3.167768
12.171296,17,3.184639
12.958018,16,3.185622
9.861328,17,3.259881
9.249411,17,3.260837
18.398287,36,3.309065
7.8552456,12,3.32386
25.344717,24,3.324847
11.0953045,26,3.367579
30.657032,43,3.368509
13.346624,16,3.385282
18.73247,20,3.399322
5.327499,14,3.400131
27.1268,24,3.429484
79.70368,56,3.430268
16.916624,24,3.47349
23.832405,27,3.490868
11.657776,26,3.505956
20.669205,22,3.521352
32.444717,28,3.522062
103.94016,78,3.537823
12.181899,14,3.538588
10.421248,16,3.553315
19.45906,19,3.554135
15.739125,20,3.569668
22.811865,26,3.570503
10.933056,16,3.614214
9.552408,16,3.615069
14.650286,22,3.664459
7.4105005,11,3.682525
6.7344413,10,3.698304
19.306784,19,3.725319
55.48232,60,3.741523
12.533715,15,3.769617
10.810523,13,3.770535
18.416098,25,3.771446
13.653251,19,3.854453
11.245017,29,3.855296
22.037203,21,3.855881
11.824983,22,3.881637
11.612307,20,3.882538
16.249184,29,3.948082
9.32726,11,3.964568
24.028872,24,3.965268
17.275578,18,3.965864
23.549728,22,3.98553
15.466846,22,3.986282
19.694822,32,4.015554
14.486241,20,4.030944
12.946839,16,4.049965
11.48087,13,4.085146
10.709597,23,4.126873
13.360023,17,4.14432
18.682861,18,4.160908
15.667018,27,4.176077
6.429263,11,4.208964
22.158205,27,4.230405
13.936222,15,4.231093
11.083771,13,4.231738
15.87105,17,4.249848
11.405144,22,4.250575
15.27365,18,4.251154
8.7871685,13,4.269663
10.349777,19,4.285303
32.474796,39,4.328871
11.655773,23,4.358173
11.868982,26,4.38836
57.882202,62,4.406324
14.044045,17,4.421362
12.115778,16,4.439581
14.243856,20,4.454895
15.421534,16,4.469256
12.158704,20,4.484901
100.945816,66,4.499466
17.062088,17,4.500386
15.199272,16,4.514543
13.517066,20,4.541839
13.025358,19,4.542804
10.911569,29,4.543625
13.463898,21,4.557818
5.2185187,14,4.577383
6.4030676,13,4.62073
21.453478,25,4.63475
7.9817767,14,4.649089
8.1047535,11,4.664057
42.421272,49,4.66508
16.573612,19,4.697638
15.680453,20,4.698474
8.624255,15,4.713081
30.058151,29,4.727935
10.602548,21,4.772878
11.098808,18,4.790792
6.8348083,15,4.807754
7.200515,12,4.822861
13.780968,26,4.866825
17.638083,21,4.867766
10.712034,14,4.915557
14.333098,18,4.931081
6.0369606,9,4.96006
43.83972,47,4.976507
23.65022,28,4.993347
14.071978,22,5.014447
17.577396,30,5.015304
14.185695,20,5.032442
23.084671,24,5.049573
14.010027,16,5.050459
29.540976,33,5.067034
11.506717,13,5.084898
30.757568,38,5.100795
11.463802,17,5.147032
23.139324,26,5.147853
6.760814,10,5.184605
29.598322,30,5.185521
24.917095,26,5.203935
7.7198067,10,5.219638
8.29942,12,5.271165
20.07081,40,5.277049
7.3322363,21,5.299025
35.077206,30,5.316245
13.130692,20,5.316957
18.523209,18,5.340318
48.570213,63,5.358179
17.243292,19,5.376447
17.760834,28,5.41559
12.33735,20,5.416569
8.771775,15,5.433398
11.078328,16,5.448511
7.514902,10,5.479782
9.009202,15,5.481115
21.36726,29,5.49862
11.319169,23,5.49948
9.017001,12,5.500132
11.160886,17,5.532658
10.077519,11,5.591535
5.9087253,14,5.60758
24.209852,25,5.622985
13.118175,20,5.653014
11.271903,19,5.653921
12.531824,16,5.669914
9.596469,12,5.686323
11.215796,22,5.687024
14.167264,15,5.737784
7.2665024,17,5.752651
7.005036,17,5.753425
33.296726,30,5.783347
13.774747,21,5.784093
13.942805,18,5.784786
20.671669,27,5.799682
26.279915,23,5.800561
9.132188,11,5.842934
10.5309305,14,5.843877
43.778996,52,5.875794
70.36689,46,5.876317
8.756326,26,5.929656
10.088933,13,5.944988
33.37137,47,5.962033
16.232092,22,5.991597
10.885533,13,5.992328
14.535011,17,6.036377
14.666146,30,6.050273
19.785418,22,6.066657
8.408461,19,6.082267
9.367787,14,6.083245
8.197497,28,6.083987
19.77859,18,6.112743
13.09186,22,6.113605
8.427973,11,6.129676
9.070706,11,6.160451
8.942455,26,6.174844
17.20114,16,6.175627
24.599396,36,6.249716
8.160259,16,6.300916
39.514236,40,6.317836
29.127295,30,6.318687
14.24704,21,6.336847
77.10157,47,6.351865
25.774397,31,6.367107
4.9810486,11,6.367751
16.825916,19,6.39521
9.841492,14,6.39593
11.426159,30,6.431058
7.2693157,9,6.466253
12.433495,21,6.466985
3.1558259,18,6.484158
10.270904,11,6.484961
13.887857,25,6.485619
19.28554,24,6.486486
7.638899,10,6.501436
25.987038,28,6.515628
11.520855,24,6.530854
25.17476,25,6.531658
9.875079,12,6.56383
13.034916,14,6.616264
6.5839944,9,6.616985
98.26699,58,6.65801
10.446994,26,6.658962
8.273693,12,6.659863
37.10072,37,6.675064
10.413876,15,6.691499
25.821344,22,6.732657
31.097551,25,6.751321
10.37917,19,6.767567
15.126105,16,6.768323
21.070572,22,6.801339
32.357365,33,6.828866
8.492845,14,6.829541
33.350178,33,6.861044
10.776479,13,6.861962
6.3178926,9,6.877022
27.369944,28,6.932724
7.4395595,11,6.933424
30.492144,31,6.949036
7.2119765,11,6.965876
14.979212,14,6.982811
13.639367,19,6.983568
17.700594,33,6.997841
8.176679,13,7.025386
33.492325,31,7.026298
18.740011,28,7.040102
6.614821,13,7.055096
24.565964,26,7.071463
48.594418,36,7.072192
10.39103,28,7.086019
18.129566,18,7.100164
24.774014,29,7.101183
13.007816,17,7.116152
7.9397097,12,7.116902
14.089676,16,7.117614
5.852056,10,7.13149
10.574691,12,7.161324
34.010853,29,7.189446
82.211235,51,7.20302
9.694413,12,7.243217
5.3872705,9,7.25837
9.134611,12,7.259039
8.247937,10,7.259605
19.200819,17,7.274685
17.592976,24,7.289701
8.13542,13,7.290395
16.349056,17,7.310013
16.351776,25,7.325853
11.563318,15,7.326819
14.3276205,15,7.341536
9.470993,12,7.342517
6.0999203,9,7.343279
20.057371,19,7.396685
26.256506,28,7.438546
9.41894,18,7.452943
10.863265,15,7.467804
10.425666,12,7.468627
33.185287,32,7.469436
11.39583,15,7.485876
35.905197,30,7.48658
10.2584,15,7.500442
10.283698,13,7.529253
11.323632,17,7.555967
25.098637,34,7.57095
11.107116,22,7.58555
13.313563,17,7.58629
6.864892,12,7.614261
10.038316,12,7.643406
52.459015,47,7.657824
12.855262,13,7.658476
10.767437,24,7.672482
13.040951,15,7.686901
7.4314537,11,7.688278
16.582787,21,7.705111
30.165913,29,7.756373
12.161834,18,7.77058
11.683828,16,7.798747
12.56664,23,7.799402
22.146147,22,7.81447
16.595451,33,7.82873
19.133688,24,7.842895
7.7855005,10,7.843721
10.643557,14,7.872118
18.205175,19,7.872833
23.492388,22,7.901396
12.251949,15,7.902813
16.76278,20,7.91748
20.165932,20,7.945003
11.387511,25,7.959723
8.638426,14,7.960381
7.2518697,11,7.976334
8.048116,13,8.033155
7.6736755,11,8.073083
5.6258297,10,8.099885
14.159836,29,8.12788
35.504875,33,8.142971
70.72795,60,8.143458
7.2466464,13,8.144278
17.945065,21,8.144999
16.609968,22,8.145689
13.773699,33,8.177068
19.866638,22,8.191576
12.423692,17,8.192406
5.737157,9,8.207327
12.488083,18,8.237114
26.632181,24,8.251037
102.703674,66,8.266613
21.396757,35,8.282889
22.512554,29,8.298249
4.946484,8,8.32838
42.878548,31,8.355917
66.221085,40,8.384944
7.8167176,17,8.399984
19.20098,20,8.400616
10.195783,15,8.418674
14.778094,19,8.433476
18.83404,19,8.434663
20.514105,21,8.46338
16.907839,18,8.464164
7.9529567,22,8.504209
10.671496,18,8.518085
10.86738,14,8.533783
12.274185,16,8.534494
11.550169,27,8.53522
14.43854,19,8.563205
5.753218,11,8.564002
28.583828,28,8.564618
22.062178,23,8.581333
7.254613,10,8.581979
37.45197,37,8.582629
9.103576,12,8.636124
10.194042,15,8.636806
62.549194,58,8.651208
8.9127445,12,8.703678
19.952908,24,8.731423
28.856192,26,8.732109
9.766316,15,8.74656
8.526854,13,8.747044
9.229683,12,8.747484
9.099479,15,8.747864
18.05186,23,8.769037
15.375983,35,8.785541
10.881356,23,8.801055
12.648297,21,8.818782
13.784083,18,8.847714
11.012261,19,8.848814
8.277596,10,8.904693
15.510724,26,8.905499
14.9117155,22,8.906147
10.416711,12,8.92127
13.0021105,14,8.963864
45.287548,38,8.964582
8.268356,15,8.96533
27.148422,28,8.980092
12.008695,23,8.980754
11.53079,16,8.997753
12.298747,14,9.01212
11.02317,17,9.012753
9.437705,12,9.028937
20.443682,26,9.048563
12.746495,18,9.063428
30.81849,32,9.119121
8.177471,16,9.145574
15.087651,16,9.146173
8.708896,14,9.173664
11.292981,14,9.20128
11.907231,14,9.215444
8.679363,12,9.216104
19.04725,18,9.23354
9.300724,21,9.235228
10.545119,13,9.254278
20.040335,19,9.255169
10.807505,19,9.269636
12.20845,19,9.299075
12.969605,14,9.334784
61.93653,43,9.364205
12.7830515,15,9.37915
32.973286,40,9.380099
34.733463,37,9.409169
16.98021,17,9.437195
10.57233,15,9.451331
11.5935,14,9.451936
16.966318,16,9.465908
16.970966,21,9.466988
30.312597,30,9.482218
10.770479,13,9.497056
7.597286,20,9.511487
34.08,40,9.512397
6.9322205,18,9.530244
38.61459,36,9.531687
71.676346,48,9.546311
6.9228344,10,9.560491
9.578218,16,9.575047
9.135672,13,9.575741
6.683257,14,9.66713
10.980562,13,9.687954
13.439017,28,9.68883
13.407563,22,9.707035
10.0445795,16,9.707705
7.893756,16,9.725883
9.460111,13,9.726802
13.956985,29,9.727709
12.41415,13,9.748936
9.834905,14,9.749614
25.720356,32,9.750285
7.26171,13,9.770438
10.350646,13,9.788245
8.8358755,19,9.819759
12.640052,15,9.838933
22.547174,20,9.869448
5.5671916,11,9.916842
17.52428,33,9.917535
11.462077,12,9.93666
8.873622,15,9.937517
7.3598733,10,9.95471
18.865324,23,9.971705
10.187898,14,9.97244
9.164457,13,9.997209
8.363115,10,10.013375
15.826065,16,10.031425
13.466932,18,10.032236
8.937979,19,10.03282
13.316785,18,10.064666
22.183874,22,10.083481
8.537859,20,10.09908
10.663673,12,10.146736
8.926328,13,10.161711
28.988792,42,10.178623
8.612078,21,10.179443
7.5943003,11,10.180051
8.501991,14,10.209753
15.745017,17,10.210415
12.485468,17,10.210913
11.728159,12,10.226746
6.6965914,32,10.25705
5.838449,8,10.286156
11.424645,18,10.303688
18.444569,25,10.375392
11.486153,19,10.376093
11.363171,13,10.398546
19.867361,32,10.416616
11.727212,15,10.435809
7.1254525,11,10.451779
27.603214,22,10.471666
16.415262,19,10.500801
7.599664,12,10.519625
11.63977,22,10.520161
100.17825,65,10.535006
13.700857,21,10.565619
20.270256,30,10.580113
29.307892,36,10.58086
22.759993,23,10.594895
28.088055,23,10.613279
7.305459,14,10.613889
12.109444,23,10.676387
7.186787,11,10.693445
8.739865,12,10.694324
7.7202587,9,10.731132
60.390907,42,10.732071
9.649475,20,10.732575
13.201112,18,10.733197
12.265617,15,10.786837
16.226992,20,10.803786
15.4480505,22,10.818648
10.333389,17,10.847188
17.256454,18,10.875862
60.250355,52,10.891276
45.086174,43,10.921096
20.374825,19,10.921807
16.453386,25,10.922579
20.53948,35,10.951282
8.435954,13,10.981217
19.13415,23,10.982034
9.693084,14,11.011186
13.612934,19,11.029434
24.366848,23,11.044443
5.5564013,28,11.045458
7.192147,9,11.060652
14.451065,15,11.074552
17.529291,23,11.091401
7.7577834,12,11.106566
13.562021,43,11.107318
13.7904005,14,11.107985
12.3323345,19,11.108756
13.842461,15,11.109538
27.176428,26,11.137896
9.725528,27,11.153302
9.72859,15,11.213093
33.889874,34,11.228419
15.499006,17,11.244973
11.793528,16,11.260898
7.5773377,11,11.27657
9.219437,16,11.293039
9.149283,13,11.309288
35.51406,39,11.310362
9.3258095,15,11.311099
12.893321,14,11.328586
12.254921,18,11.329339
17.093952,18,11.389558
7.3796425,12,11.434334
10.28061,18,11.434958
15.176359,22,11.435548
9.607025,11,11.436304
19.047335,33,11.467125
6.6772447,9,11.468091
6.5375834,10,11.46891
10.501264,12,11.501546
9.28076,15,11.533902
10.41177,14,11.534807
35.680332,33,11.550998
10.28253,21,11.567755
13.59525,33,11.58396
11.276548,17,11.60176
21.846024,25,11.618909
36.5475,32,11.655978
9.906809,36,11.69283
10.979061,14,11.709907
51.75704,51,11.741555
24.911024,19,11.757079
7.5212374,15,11.786127
9.514923,11,11.786744
11.426898,20,11.802428
16.773912,20,11.803243
20.934605,22,11.80398
12.522321,15,11.833511
18.722824,19,11.848484
17.627064,22,11.863696
12.277243,29,11.864839
16.289469,21,11.895854
19.935257,28,11.896678
22.144789,29,11.912117
11.131949,17,11.968622
6.72027,12,11.969647
6.9668355,9,11.983991
8.355487,13,11.998131
12.359783,23,12.012306
11.764534,19,12.027103
14.471452,19,12.04316
22.789354,24,12.06114
11.423054,16,12.075761
14.898688,19,12.089493
14.221417,16,12.145552
90.142624,56,12.160625
20.555727,21,12.175094
10.251858,14,12.190727
8.854244,13,12.205755
6.091648,10,12.206289
34.92424,29,12.221327
15.362554,17,12.24876
15.270879,24,12.249565
30.972076,27,12.26333
7.1644735,11,12.308115
55.195,45,12.309021
11.177165,16,12.309997
29.215616,36,12.354209
12.501389,27,12.395386
13.982355,14,12.395988
11.707008,14,12.418283
10.165006,24,12.418921
11.083268,14,12.45653
10.0156765,14,12.483604
57.41368,57,12.500308
7.471415,10,12.523534
26.3672,27,12.557936
17.528374,30,12.559085
15.892757,16,12.575859
27.395514,38,12.609193
9.143362,13,12.609755
12.467592,15,12.610468
9.904466,16,12.626769
9.86981,13,12.658046
14.146609,23,12.674654
20.002262,26,12.675378
9.944451,15,12.675948
25.989824,26,12.721141
13.941453,14,12.736034
8.980706,14,12.785561
7.753204,19,12.803615
20.54881,22,12.804588
19.680904,23,12.805558
7.7971582,10,12.824661
5.991638,17,12.843603
13.252846,16,12.876698
15.602777,16,12.878117
91.93147,62,12.925984
21.896408,24,12.927343
10.701973,15,12.973941
68.210526,45,12.974749
16.31377,24,13.005497
16.609177,20,13.0061
9.344975,12,13.033098
5.624451,11,13.046872
20.942883,24,13.06117
11.707234,14,13.08825
14.775747,19,13.105723
12.314703,19,13.126384
15.686363,20,13.128022
19.34534,21,13.146147
12.560943,14,13.146849
34.815998,37,13.178555
31.459967,27,13.179809
9.070461,18,13.208743
10.595067,15,13.209553
71.4066,45,13.210212
23.597174,34,13.225756
9.875694,17,13.270689
6.1896234,10,13.291586
12.083238,16,13.292431
17.990698,19,13.312527
8.055703,10,13.3133
8.88979,18,13.350734
10.33974,12,13.391087
25.591215,25,13.391823
9.606171,16,13.392755
33.066017,49,13.441865
9.729523,13,13.442571
10.456627,17,13.443455
17.33813,19,13.463501
5.203589,8,13.464446
8.59437,14,13.480426
6.685191,9,13.481279
7.064244,12,13.499595
11.86043,13,13.534941
24.724205,28,13.551737
8.498047,12,13.567656
21.04629,22,13.599642
9.343935,13,13.615746
11.133804,18,13.616399
10.705792,17,13.681856
5.1964173,14,13.699603
11.536497,31,13.715328
10.844137,15,13.731111
10.152505,14,13.731792
7.58614,11,13.732548
5.5908556,9,13.762824
31.639885,41,13.791214
9.637019,17,13.806165
21.11192,23,13.822112
25.092335,23,13.822973
12.974106,16,13.823731
30.604362,25,13.866729
21.226875,30,13.885047
7.0384884,11,13.902447
25.997778,26,13.903313
8.094926,12,13.904269
9.6191025,14,13.91994
8.292548,21,13.935022
42.31506,43,13.935752
16.906336,17,13.951915
9.722904,17,13.997851
11.713004,13,14.013109
141.67128,74,14.013854
6.3374777,9,14.042533
9.200377,12,14.058077
40.03783,38,14.059058
9.137331,11,14.076611
12.508162,16,14.077577
7.2715116,18,14.078302
8.1355915,12,14.128221
11.808348,14,14.143391
5.874925,9,14.160288
8.922463,25,14.160825
24.693548,34,14.161474
14.187209,20,14.206698
10.184068,11,14.221915
15.7143755,18,14.237106
9.561719,19,14.237903
7.829843,11,14.238775
10.539549,11,14.255027
17.135391,18,14.302437
7.2567368,11,14.337505
43.5994,33,14.360105
19.113655,35,14.402544
10.048496,19,14.403383
19.973352,31,14.419894
8.076783,10,14.435733
8.132273,12,14.450305
14.710616,24,14.46686
23.94975,21,14.482573
15.573316,17,14.501675
62.834053,49,14.535151
17.793451,19,14.556276
19.749271,18,14.557515
13.29455,26,14.596067
22.947927,30,14.597644
11.668297,26,14.61802
11.004456,15,14.635637
17.932722,38,14.656144
11.729248,14,14.657144
18.953245,20,14.676207
14.765139,15,14.693993
10.142344,14,14.728786
8.013942,16,14.745906
7.67393,11,14.768111
14.055517,15,14.769015
32.956066,29,14.769907
6.968161,10,14.819508
37.65457,38,14.839258
8.65149,10,14.856166
15.203258,16,14.887612
15.048653,27,14.922215
8.880776,11,14.938245
24.678072,22,14.953501
15.656362,17,14.954332
12.694133,24,14.971149
45.018505,35,14.972033
11.92009,13,14.989285
8.944855,13,14.990214
8.707487,10,15.00869
23.645088,22,15.070654
9.977998,12,15.116894
9.971025,15,15.13323
21.169815,24,15.13415
26.058575,38,15.166082
9.150902,21,15.167002
5.6897287,14,15.167794
13.582416,15,15.205499
10.233524,14,15.2065
10.444838,14,15.224571
13.126074,16,15.230807
13.808056,16,15.250549
9.450427,14,15.25157
26.169031,24,15.267911
16.84061,36,15.287797
36.19442,39,15.30432
22.275007,33,15.343739
6.8483877,9,15.344873
11.802996,13,15.372622
15.857033,17,15.391767
5.2555385,10,15.457821
84.218575,58,15.458609
11.788171,14,15.459395
13.362808,18,15.494625
17.098312,18,15.495582
10.261042,14,15.496154
32.763187,28,15.513518
9.200558,15,15.514362
11.190212,18,15.535645
8.5939245,10,15.553563
57.193,52,15.554538
12.042208,18,15.589388
10.551288,15,15.590191
10.50389,18,15.609355
12.770714,21,15.644618
5.2101026,11,15.667094
7.275761,11,15.668018
10.460771,17,15.686896
8.054293,10,15.687948
8.507189,12,15.689003
12.553565,18,15.740596
8.0432205,11,15.757592
8.083778,15,15.777771
8.1631565,14,15.778593
8.804588,15,15.797408
30.828611,28,15.814319
14.769173,16,15.848568
12.786397,14,15.849372
15.436594,25,15.850411
14.568329,22,15.908212
18.178278,32,15.924525
9.492387,12,15.962643
10.860504,16,15.980525
10.755706,12,15.998265
10.535282,18,16.016228
12.149965,13,16.016886
11.273034,21,16.047343
10.560386,21,16.066251
11.537179,14,16.10293
16.053652,16,16.103624
18.45431,28,16.104416
14.792783,20,16.121806
13.62681,15,16.255867
8.64344,11,16.256777
5.5564,9,16.295394
52.574165,38,16.343286
7.0524864,9,16.439604
7.651681,13,16.477009
31.385609,40,16.531732
11.83099,14,16.556624
16.027323,23,16.583601
12.863337,20,16.584629
8.820734,11,16.610811
7.453076,11,16.63452
29.23847,29,16.660798
11.138454,13,16.711633
61.410923,38,16.737534
11.053001,17,16.770583
76.31664,47,16.771682
12.662515,25,16.868384
35.698044,40,16.893892
8.350831,26,16.894851
31.681227,34,16.924334
11.448874,17,16.925598
9.272352,16,16.978275
11.700785,15,16.979276
10.409677,15,17.000717
49.708427,46,17.034374
11.197893,15,17.035379
6.142773,10,17.085371
97.49224,59,17.086238
9.60274,13,17.087173
15.715723,25,17.106989
11.607744,21,17.123411
7.524918,11,17.124381
11.781382,19,17.157068
18.032099,17,17.158198
8.770175,13,17.178717
7.6530046,11,17.179619
8.250628,11,17.180495
5.348277,9,17.198157
16.146952,16,17.23193
20.596918,28,17.283485
10.581278,14,17.335528
9.343653,11,17.35844
10.574649,15,17.359239
11.124616,17,17.408551
8.596087,13,17.409404
14.597189,15,17.410236
17.219858,16,17.411825
12.2849,13,17.432086
10.022949,12,17.433018
19.868042,22,17.449608
16.63448,17,17.450511
30.76087,28,17.451221
12.527486,15,17.468041
29.054882,25,17.468894
25.65146,36,17.505069
17.057177,19,17.536822
7.914454,13,17.537626
18.531424,18,17.573001
12.086492,13,17.590792
6.3975263,8,17.608081
6.1614065,11,17.608792
8.116004,15,17.642163
9.444355,11,17.643128
9.805408,11,17.644008
9.625372,13,17.66292
14.180338,17,17.680441
18.989468,19,17.745678
7.53428,10,17.74667
11.388497,13,17.76307
6.961309,9,17.76403
17.894566,19,17.765036
11.672858,19,17.781706
7.4949894,11,17.782612
8.425609,11,17.832009
18.277325,20,17.84783
9.139486,12,17.864513
10.133472,15,17.898342
12.80147,23,17.930895
37.14426,30,17.931678
10.877119,12,17.967619
8.024309,29,17.968396
135.90129,70,17.985173
14.738945,22,17.985897
11.248077,16,18.018841
144.71828,93,18.03612
22.86793,23,18.037095
10.026217,16,18.037921
10.399482,12,18.038757
13.8784,17,18.056776
27.745,24,18.08845
12.514367,14,18.089466
11.037306,13,18.090296
34.83308,40,18.108638
4.487131,9,18.143072
7.1892657,13,18.159129
22.6825,26,18.194335
19.371212,18,18.211686
9.578111,13,18.212548
9.570608,11,18.233698
21.304148,28,18.266415
5.775815,10,18.267418
12.107508,14,18.283837
11.088689,14,18.284728
19.522182,19,18.301725
17.087118,21,18.302773
21.130646,20,18.320731
12.450409,15,18.321985
30.59138,32,18.346508
14.778786,19,18.365904
7.481773,9,18.3826
9.706427,11,18.400828
10.200834,14,18.41762
7.499028,10,18.485969
6.9311132,11,18.505578
10.354949,13,18.506368
10.610503,15,18.507243
19.39953,24,18.529107
12.170983,14,18.552389
21.014439,24,18.553255
11.318623,13,18.575216
11.654377,13,18.589857
25.760918,25,18.605821
7.992436,11,18.621075
24.95645,25,18.665897
19.256645,21,18.668108
21.394829,36,18.686734
8.038654,10,18.688414
8.053398,11,18.705358
9.914987,11,18.70609
10.359736,12,18.757997
21.381166,22,18.779278
55.133217,39,18.803576
25.45456,25,18.822424
20.85476,27,18.823559
13.257358,19,18.843582
9.274773,12,18.844552
10.020006,17,18.845248
17.94171,17,18.865815
5.2219257,9,18.881592
6.0525756,10,18.897678
15.211349,19,18.927494
15.242133,18,18.928595
13.660045,15,18.948416
8.073536,16,18.979716
15.06299,18,18.996662
9.542088,12,19.03264
6.742167,11,19.033651
8.991094,15,19.034472
15.262331,28,19.070004
15.555963,17,19.104728
13.039488,16,19.121351
7.4801507,10,19.122067
10.987846,25,19.138522
80.45643,49,19.160761
7.5525236,18,19.177518
22.764935,21,19.197062
7.0078673,9,19.198131
15.105896,20,19.198827
63.95299,45,19.217903
10.1517725,13,19.218785
7.664938,11,19.239459
6.9082413,10,19.286188
6.620218,9,19.302669
16.161999,29,19.30373
11.68461,22,19.320682
6.3532295,14,19.321519
10.535092,13,19.35675
15.114263,28,19.372105
17.622295,19,19.373225
8.167647,11,19.391959
7.6994514,10,19.39265
6.876411,13,19.413052
8.223061,11,19.433018
16.98018,17,19.43427
14.496059,17,19.469732
32.580177,31,19.487091
32.134693,34,19.503114
9.538757,12,19.504102
19.879738,29,19.527624
9.7092495,14,19.569342
8.048975,13,19.570309
11.998249,21,19.590657
13.247823,15,19.591693
7.0678687,11,19.592469
6.0845733,13,19.688392
10.963671,15,19.714506
19.206648,18,19.735747
14.042346,15,19.75384
9.810684,11,19.754952
19.664309,21,19.755876
9.853888,13,19.795325
12.738512,20,19.796231
12.9629135,14,19.797115
11.6572075,14,19.835031
10.858143,12,19.835934
39.369263,31,19.837044
7.7480683,12,19.854538
15.2653,16,19.920548
7.1291533,12,19.921616
21.8998,27,19.94214
10.840059,12,19.976769
9.697222,14,19.97797
8.346584,12,20.011743
27.489376,27,20.012581
9.612758,12,20.048066
17.120764,17,20.068929
11.399804,13,20.070045
22.548414,32,20.071172
13.807202,19,20.088585
41.68875,47,20.110709
6.284995,10,20.111547
10.858736,15,20.128145
8.340442,12,20.14614
32.74515,29,20.165258
15.856065,24,20.202851
45.70888,34,20.237989
27.209044,24,20.238996
17.529793,24,20.239803
11.488865,13,20.261049
12.271745,16,20.278255
9.633615,17,20.311325
5.372118,11,20.340133
9.037978,11,20.371917
10.598237,12,20.372946
7.605325,16,20.411724
9.951132,18,20.451698
8.005958,12,20.481034
14.107375,16,20.504486
10.223095,15,20.505384
13.857572,23,20.545536
7.325725,10,20.583041
24.286375,27,20.649505
9.029973,11,20.667117
14.020655,18,20.66805
10.043451,18,20.684537
12.449273,21,20.685587
19.60974,22,20.70407
8.756417,12,20.705225
13.675693,16,20.721809
10.793128,13,20.74069
13.280256,38,20.79161
43.140118,43,20.815062
13.444342,28,20.839134
31.880264,27,20.840087
35.597454,39,20.901019
94.376434,53,20.965093
8.182764,11,21.004528
14.019164,17,21.008007
9.133995,12,21.086117
11.772228,13,21.086968
11.5397215,15,21.108181
12.079487,13,21.125818
18.672897,24,21.14483
22.188625,27,21.162577
33.402374,35,21.197921
11.686296,13,21.294096
11.915006,18,21.33047
12.170223,13,21.349931
16.385962,15,21.350935
18.34687,28,21.351501
8.908911,12,21.392482
11.276623,15,21.393641
16.288403,22,21.394462
11.342683,17,21.395451
23.689257,23,21.396187
10.409643,13,21.435382
10.814943,30,21.454742
12.988769,28,21.455663
15.170175,17,21.471815
9.952989,23,21.472924
9.917154,20,21.503344
9.126577,12,21.549517
9.794122,11,21.587114
45.708916,57,21.606405
10.537323,12,21.60737
10.0329075,14,21.644123
14.171044,15,21.665517
8.16598,12,21.684546
31.265965,37,21.685573
6.5033665,11,21.701496
20.33432,18,21.745195
38.50855,29,21.745858
73.75381,50,21.761468
7.6386595,10,21.777319
13.974139,25,21.792702
16.644753,23,21.793649
12.429775,26,21.811453
7.365496,15,21.812495
12.479657,21,21.813414
12.7065735,30,21.830048
12.050115,28,21.845632
13.3154125,17,21.93796
23.532343,30,21.954018
19.560194,20,21.970798
9.470161,11,21.985977
11.117194,13,22.004019
15.868226,17,22.023916
15.050102,16,22.064411
33.968758,27,22.065798
11.351386,15,22.086301
16.96599,18,22.087356
16.047773,17,22.108584
11.940229,15,22.110193
12.979802,22,22.134128
30.175045,39,22.161315
10.442189,12,22.210355
12.361384,25,22.232065
27.151672,23,22.257539
28.701971,38,22.306737
10.408645,15,22.325799
7.7979927,10,22.326803
11.448695,14,22.346256
15.219454,16,22.369895
7.1500144,11,22.393477
11.241636,14,22.409658
15.640058,38,22.410659
27.668808,38,22.428433
37.832436,39,22.429497
17.142944,23,22.430327
12.256683,17,22.449999
16.049372,23,22.465612
8.182,13,22.481334
8.741692,11,22.48233
13.076661,17,22.514485
23.05785,22,22.530912
13.675666,21,22.548173
9.257583,13,22.563817
8.491062,11,22.597803
7.5757256,10,22.614861
8.839866,17,22.629426
11.532204,15,22.660049
16.82764,17,22.660962
6.4406753,9,22.66196
7.1744795,12,22.678218
10.4722805,13,22.679267
28.665705,29,22.680363
13.624425,16,22.698074
28.698399,25,22.699131
14.434799,20,22.699829
13.8889675,22,22.700409
8.424574,10,22.737462
11.686944,14,22.792389
7.245408,19,22.812133
22.288168,23,22.8283
11.989966,15,22.858834
16.390684,25,22.859581
8.775642,11,22.875749
7.9599004,12,22.903942
17.168825,23,22.919857
19.142715,18,22.920972
11.742227,16,22.937486
7.473175,10,22.952612
11.982834,17,22.954026
16.049736,18,22.983263
23.993414,21,22.9849
12.675556,16,23.002059
49.778263,37,23.018049
11.523474,13,23.033846
11.3357725,22,23.034798
11.502358,20,23.035742
9.149575,12,23.051828
9.093913,14,23.083033
18.832314,24,23.099005
10.363632,14,23.099819
16.510199,27,23.129406
8.865862,12,23.146404
20.388786,27,23.147175
10.413464,14,23.147938
11.251383,15,23.164165
10.095035,18,23.193938
8.79828,12,23.22328
11.887107,16,23.23895
6.6018806,13,23.2401
11.095425,15,23.262037
10.409129,13,23.305015
23.477365,24,23.322323
25.256624,23,23.323229
15.701237,18,23.338337
16.198862,16,23.339299
24.49718,22,23.381906
25.44441,25,23.382746
13.836493,15,23.398919
15.358218,17,23.414045
11.3465185,14,23.458378
24.105122,21,23.473506
22.038057,22,23.490036
17.663725,18,23.505658
32.911484,26,23.533561
20.426813,19,23.54867
21.247662,23,23.549785
13.073374,16,23.565389
9.959156,13,23.58303
8.434054,14,23.598357
16.741472,24,23.613441
13.41445,14,23.614363
6.6125956,9,23.632344
38.0541,34,23.63334
7.967007,10,23.634545
13.747905,20,23.650538
83.65734,53,23.651646
26.791977,22,23.682065
14.470419,25,23.696354
19.1029,18,23.696922
13.901001,18,23.739158
24.601004,28,23.754524
49.805237,49,23.769863
9.34019,11,23.770687
11.104562,12,23.797256
8.266639,13,23.826778
12.531399,17,23.827729
10.250167,19,23.828498
10.421001,14,23.829195
8.19768,11,23.844347
17.431738,17,23.845335
18.1519,21,23.873532
10.922788,16,23.874681
8.699433,13,23.891487
20.990602,25,23.892642
14.667725,18,23.908293
15.689405,18,23.924779
7.295091,12,23.925728
13.580106,20,23.954868
9.4209585,15,23.982806
12.678987,15,23.997483
10.519023,11,23.998447
17.492666,17,24.031306
30.385115,32,24.046238
15.431207,16,24.046983
9.489598,12,24.06388
8.74035,12,24.081186
13.362008,26,24.096867
12.101531,18,24.112456
9.723338,13,24.128841
10.742262,17,24.144814
20.736385,21,24.160221
21.47959,22,24.179599
6.154684,14,24.181363
14.267954,18,24.196541
9.353388,13,24.212116
15.551606,21,24.226808
8.525414,11,24.258018
20.04305,26,24.260073
31.288267,26,24.260866
7.3050084,12,24.261604
10.028083,16,24.312685
9.199079,11,24.31355
18.353807,18,24.333339
6.8051004,10,24.34918
18.95531,23,24.370076
13.590311,15,24.371073
30.812553,30,24.416469
27.204012,23,24.433846
21.224264,20,24.434601
9.405805,14,24.43522
15.899719,16,24.479747
10.757891,13,24.480442
18.600561,18,24.525487
8.823979,16,24.526522
7.628435,10,24.527123
9.370481,13,24.542402
13.155172,14,24.544798
8.752462,24,24.560493
15.489617,18,24.561421
7.2242007,9,24.576983
16.797737,21,24.606969
15.965243,15,24.608001
14.904086,19,24.62968
26.809507,27,24.630729
12.04234,14,24.646854
11.970888,14,24.666025
11.817614,19,24.667034
28.733416,32,24.681791
10.530044,13,24.696896
19.843655,43,24.711398
7.5048428,15,24.726085
7.9442987,14,24.771785
7.4879475,10,24.790227
8.581087,11,24.791176
19.887516,22,24.792011
11.071295,15,24.811068
11.794914,15,24.829762
16.427149,18,24.846168
7.0347414,13,24.861705
10.950242,15,24.889153
9.382356,11,24.890611
8.368602,13,24.892377
16.483084,23,24.942292
9.951743,16,24.974486
9.7528305,12,24.975361
17.550533,24,25.018058
17.435505,22,25.0429
7.438086,12,25.07006
5.540687,30,25.11753
16.156273,15,25.138606
9.980472,12,25.154788
41.266277,32,25.155566
18.187132,17,25.231584
6.793874,15,25.232446
17.240454,19,25.25066
6.921792,13,25.251806
8.2617,17,25.273758
10.802376,15,25.294016
20.253315,24,25.310561
29.188198,31,25.311542
25.146753,24,25.337005
8.079854,16,25.36773
8.91664,12,25.390674
12.467406,14,25.40795
13.658855,15,25.408951
16.198196,18,25.425318
10.767468,23,25.426167
11.120706,26,25.445489
48.549526,36,25.446393
7.4064355,10,25.475873
7.4400525,10,25.492015
11.65596,18,25.493044
9.071464,11,25.512745
7.7712703,14,25.528919
14.188662,16,25.546962
7.9684453,17,25.547962
28.868963,28,25.564473
43.293488,40,25.579965
12.285458,14,25.611191
10.761009,12,25.612283
7.880168,11,25.613288
12.132922,14,25.680955
12.488897,18,25.682184
24.3081,24,25.726972
8.724847,12,25.753139
11.327739,15,25.754464
12.384904,13,25.781147
7.3778977,11,25.80548
14.708708,16,25.828824
18.592152,29,25.829902
13.782935,20,25.856236
10.150408,21,25.911186
12.910506,15,25.930111
5.4783125,11,25.948429
26.784508,27,25.964879
10.775917,14,25.965808
12.062381,16,25.995999
9.059007,12,26.013044
5.8434854,13,26.014029
6.972384,9,26.014862
10.024078,14,26.046088
12.905556,14,26.066322
22.75706,24,26.0675
17.2998,26,26.087774
10.118368,12,26.088719
12.11379,21,26.120038
22.59683,23,26.121027
5.5672383,17,26.152469
11.4276285,14,26.153579
7.0635805,11,26.206964
8.527631,12,26.222527
38.959335,31,26.223528
15.54972,18,26.24064
41.705067,37,26.261924
9.861186,14,26.262803
19.356426,26,26.296844
7.8606873,11,26.313563
16.04459,21,26.333525
9.910083,16,26.354614
22.982187,23,26.355401
8.655422,12,26.373322
20.44801,21,26.374234
10.698136,14,26.37499
10.535911,12,26.375701
6.1178617,9,26.393593
18.12272,18,26.409123
11.905318,21,26.426996
13.276557,20,26.428215
15.959669,19,26.429278
7.6872463,13,26.461121
10.564632,14,26.462145
8.14102,14,26.499121
10.825124,15,26.529044
32.737186,33,26.545222
11.571829,13,26.56052
14.320006,18,26.576376
11.068353,12,26.577633
15.528377,15,26.578515
14.489186,16,26.579114
14.330774,15,26.623505
7.325586,10,26.652056
17.716616,19,26.669697
15.2078705,16,26.717856
13.222418,15,26.757773
16.19935,21,26.758877
13.112779,15,26.759868
12.304563,13,26.883944
11.163603,14,26.885037
19.278929,25,26.886123
12.554728,23,26.908743
11.326897,25,26.934557
14.079479,18,26.959536
32.362507,27,26.960453
8.434747,16,26.961249
12.622603,29,26.981213
14.459578,18,26.997022
29.032269,27,26.997918
13.853225,18,26.998771
8.381613,12,27.027561
10.903033,16,27.041749
17.635368,18,27.042729
10.63157,14,27.060629
11.821429,17,27.077404
9.817406,16,27.078864
16.155655,16,27.094571
5.896326,11,27.109371
13.638144,15,27.155033
25.150597,32,27.169879
12.057831,14,27.191927
14.339905,19,27.223661
7.719526,10,27.239771
12.527426,15,27.240694
13.475955,17,27.241707
8.499036,14,27.289797
15.0317335,18,27.290835
13.72472,22,27.306851
10.944465,13,27.307739
7.4383993,10,27.323258
20.887602,18,27.34004
17.854166,27,27.365858
12.635613,17,27.366831
15.258883,22,27.367966
16.830711,16,27.39534
15.082748,21,27.396503
16.52149,22,27.438728
11.825449,14,27.439689
35.461178,28,27.477401
8.79464,12,27.478444
33.72401,31,27.509708
6.3107014,8,27.510963
7.7133284,9,27.543974
5.706817,16,27.545106
9.772922,12,27.600186
14.367587,15,27.601372
9.345433,11,27.602258
21.166273,21,27.619576
9.961283,12,27.621111
8.885257,17,27.622399
14.985536,16,27.623398
18.593065,18,27.63904
9.487448,12,27.653836
16.983627,18,27.669597
19.164232,25,27.699046
5.194432,11,27.728384
8.169422,16,27.746985
15.421713,31,27.747683
16.631126,22,27.763062
7.4600067,10,27.764112
7.875873,11,27.794702
9.930923,17,27.795481
24.178776,21,27.796118
11.909072,13,27.829863
11.242092,15,27.849789
16.322994,18,27.85087
11.692367,13,27.867397
14.0275,16,27.868782
9.258211,12,27.869606
14.176333,15,27.870687
13.783684,15,27.889496
18.313843,26,27.917922
8.297411,10,27.934544
10.117482,27,27.966745
7.359177,10,27.968678
5.8999953,10,27.999317
9.357683,14,28.000095
14.615378,15,28.000647
28.42739,23,28.001134
10.712449,15,28.046596
13.581904,19,28.062452
8.771077,12,28.063602
12.466599,13,28.064635
21.796799,22,28.065465
6.4010906,10,28.082414
9.200322,14,28.097406
14.899778,16,28.112785
14.193431,15,28.113559
28.315746,25,28.142609
6.46582,9,28.143451
7.8108616,11,28.144353
11.693765,18,28.159587
7.264892,9,28.190009
11.523818,13,28.22629
8.097582,12,28.284564
20.319315,23,28.285535
7.120995,9,28.286233
13.848103,21,28.305494
20.92733,19,28.306378
9.333046,13,28.307337
7.7817864,12,28.32526
7.420276,10,28.348163
28.204895,32,28.371601
5.2850156,8,28.373013
12.708553,16,28.393542
25.690498,21,28.394403
16.174707,18,28.412282
7.698357,10,28.431298
8.296037,13,28.432526
16.854576,20,28.454214
12.4353285,13,28.539525
11.450978,13,28.556855
7.709096,15,28.572968
19.668024,24,28.574069
9.994813,12,28.59395
23.796753,23,28.594917
10.341664,12,28.595675
27.619997,32,28.596416
21.262213,24,28.612571
7.43076,11,28.614207
10.783244,14,28.646846
11.373396,17,28.649035
15.333124,19,28.668292
20.065376,19,28.669806
16.082954,18,28.686476
15.726055,15,28.706478
5.695659,8,28.721581
15.76019,18,28.75522
8.920597,12,28.756107
12.630842,18,28.773249
7.0530334,12,28.791282
7.9266224,11,28.819627
8.238527,10,28.841332
11.820275,14,28.860612
15.967447,31,28.887911
24.196604,26,28.888628
13.816837,15,28.889256
11.794516,14,28.88999
10.589876,13,28.94487
12.8964815,14,28.945723
9.035247,12,28.963866
12.677966,22,28.979771
6.441085,12,28.99958
7.645462,16,29.022123
11.596277,20,29.055884
12.032132,14,29.093953
18.165195,16,29.095141
11.531835,17,29.095916
12.159262,26,29.096807
27.321747,26,29.097764
12.840753,17,29.128211
7.8786077,11,29.143264
7.7493916,11,29.14451
8.770724,15,29.145508
12.3905525,15,29.161643
18.433605,18,29.207222
8.165782,9,29.208294
9.050145,13,29.209229
12.166915,20,29.210139
4.9073753,8,29.226114
10.030849,13,29.227054
7.1126294,9,29.242394
22.101347,32,29.243551
20.876308,23,29.287592
9.225127,12,29.288661
7.6449122,13,29.303872
11.098707,12,29.327335
11.323982,21,29.32815
8.783218,11,29.329385
8.864769,12,29.379085
9.938731,16,29.379975
7.128455,10,29.397898
12.291211,15,29.415915
7.807363,10,29.494788
15.071118,14,29.49569
15.066227,16,29.522436
9.0490265,11,29.566661
7.676391,12,29.567538
23.176857,36,29.5682
10.886227,13,29.569119
17.131466,18,29.569983
18.480295,18,29.591506
10.905288,12,29.592325
17.218117,20,29.609324
8.00253,18,29.610413
36.874447,33,29.642709
12.539351,14,29.657795
8.9699745,12,29.658646
23.674337,28,29.674581
14.518014,16,29.690548
20.28889,20,29.718288
13.649515,14,29.751262
21.09425,27,29.752092
11.117875,15,29.769003
9.357786,11,29.769833
9.352422,12,29.770569
8.612763,11,29.771274
10.928079,14,29.798467
9.293846,11,29.812728
6.7109656,9,29.832894
10.401038,14,29.83412
10.033249,14,29.835033
18.085789,18,29.836128
10.699823,15,29.93146
30.25954,29,29.950274
13.105841,22,29.96734
8.048331,10,29.968188
9.875724,13,29.968817
17.054316,23,29.986918
7.9440966,10,30.005214
7.144317,10,30.031717
12.906394,14,30.032818
9.790575,11,30.068816
12.357673,15,30.069858
10.3411455,13,30.108876
6.7440276,9,30.109573
12.279964,14,30.129014
9.240579,19,30.14583
7.772421,10,30.16159
5.7272882,10,30.162222
26.17193,27,30.163106
16.425327,23,30.195274
33.86902,29,30.212053
12.381933,14,30.212969
6.977211,13,30.231545
9.321383,11,30.232678
8.198945,13,30.248187
25.603365,26,30.262859
6.7451015,9,30.263973
10.157402,12,30.278958
10.563652,12,30.370115
7.6356764,11,30.371238
7.308217,11,30.372726
20.304913,20,30.415365
7.560888,11,30.442141
7.058286,10,30.466526
8.666665,21,30.489283
10.394859,12,30.49078
7.6800423,10,30.492539
13.953595,18,30.493606
10.630548,16,30.494639
16.532345,20,30.51965
17.997755,16,30.574477
71.121506,52,30.592261
7.149013,10,30.608978
42.782738,32,30.625997
11.908708,16,30.644684
16.986303,20,30.665027
9.28936,12,30.684164
22.897493,23,30.685248
7.702645,10,30.701241
9.64324,12,30.731176
9.644476,15,30.747139
11.859943,16,30.787738
15.677385,21,30.805564
10.970717,12,30.820436
6.9262342,16,30.854214
86.4537,52,30.87103
17.570208,19,30.872003
9.888991,12,30.887743
22.357231,21,30.888722
23.688543,21,30.889606
10.768691,15,30.890444
14.299511,18,30.909849
5.374226,10,30.925213
7.6729784,14,30.940264
14.889213,17,30.956446
26.16697,35,30.957251
19.559906,19,31.006902
31.945606,28,31.007838
23.564688,34,31.02423
9.720933,12,31.025174
15.047166,19,31.056528
18.102793,17,31.075352
10.963788,12,31.076198
10.464352,12,31.094544
11.7156105,14,31.113478
9.109169,11,31.114264
17.852562,19,31.134476
8.919032,14,31.135354
12.922864,15,31.151157
7.978522,11,31.151994
6.1523848,8,31.169601
17.996681,17,31.187301
29.570385,31,31.188168
13.186084,14,31.205153
7.326154,12,31.220993
8.177634,11,31.248436
8.008876,9,31.289429
14.825813,22,31.305729
8.5458,11,31.306671
17.63105,18,31.307477
6.9838834,11,31.308274
17.728397,18,31.32725
26.949404,25,31.327936
15.258999,15,31.362916
11.455022,15,31.364404
15.603077,17,31.367125
10.199531,13,31.367958
8.525869,12,31.387314
17.62495,19,31.403744
13.48729,18,31.405102
28.097454,33,31.423892
10.043943,12,31.425014
10.457625,14,31.441962
13.88307,17,31.459026
5.251823,8,31.460113
7.5842867,9,31.479258
11.8674135,14,31.49457
8.7557955,11,31.51611
6.106225,9,31.530945
5.6920333,9,31.564637
9.751463,15,31.565307
7.7296696,12,31.582045
29.69795,24,31.599591
7.547123,9,31.61735
11.932762,18,31.633732
14.434805,15,31.650222
6.599825,15,31.6676
8.731685,11,31.668577
14.478047,17,31.669207
11.03755,13,31.686377
16.721672,15,31.703542
15.32877,17,31.725642
19.024471,22,31.72655
22.5896,23,31.777811
7.155038,11,31.778457
13.472689,25,31.779077
11.479016,13,31.798154
17.908604,22,31.813248
19.624086,19,31.82948
7.1209846,10,31.847018
7.5166874,10,31.864161
13.844763,19,31.865137
13.792666,15,31.882863
23.23629,21,31.883863
8.493454,11,31.899536
15.793968,17,31.900723
9.342501,14,31.923462
11.707757,16,31.924634
13.539436,16,31.939256
27.755375,22,31.95519
9.31726,13,31.956132
9.9039,12,31.997291
8.871416,10,32.017553
10.292707,15,32.051902
9.787792,15,32.052749
20.51975,18,32.053445
11.962316,14,32.054261
8.458143,11,32.075354
8.842816,11,32.093721
13.170563,16,32.116362
11.323418,13,32.117367
21.70433,24,32.118301
12.831948,17,32.165752
8.77184,14,32.166792
11.904207,15,32.167749
10.003276,14,32.183077
8.943854,11,32.21593
5.5660315,9,32.216662
15.541582,17,32.230712
18.24695,18,32.260489
6.814976,10,32.261583
7.504934,10,32.27798
13.941085,18,32.30613
4.4509864,15,32.307039
14.11134,15,32.307837
6.975249,10,32.322307
5.448672,8,32.338163
10.425449,17,32.36095
12.033897,13,32.376115
11.11448,16,32.377051
9.06201,11,32.391978
7.483721,13,32.392956
21.427063,21,32.409721
14.644851,26,32.410669
18.665411,30,32.430166
14.822832,16,32.431392
10.666369,13,32.447658
14.641851,32,32.506282
8.607457,13,32.522966
14.749047,16,32.538615
13.11419,15,32.556017
8.446202,13,32.55701
9.322712,11,32.557698
7.883125,11,32.575746
8.9120035,11,32.577247
14.569423,21,32.608819
7.2721796,12,32.61002
9.710644,12,32.63034
6.620286,13,32.649678
18.006529,24,32.66611
11.900724,18,32.667062
37.393013,35,32.699229
8.967462,19,32.700077
8.826292,10,32.719457
12.784442,25,32.734559
5.3850546,12,32.768075
8.798236,12,32.788056
24.241182,20,32.789151
6.996177,10,32.790099
6.956594,9,32.819574
15.857915,18,32.820601
6.0874686,9,32.821384
15.238678,29,32.822172
11.88127,13,32.84125
14.113947,19,32.888437
7.316409,11,32.889453
11.035844,15,32.90499
6.0409894,9,32.920263
9.072812,12,32.936186
6.106667,9,32.937276
12.298702,22,32.99961
11.617756,13,33.000644
10.689941,17,33.001283
12.274037,26,33.020394
10.948598,13,33.037445
13.837997,17,33.074978
18.756195,23,33.094408
35.902737,31,33.095571
42.916744,35,33.126533
9.999985,14,33.127662
36.095707,43,33.144774
17.08044,19,33.145818
16.274134,19,33.162845
12.650009,14,33.178941
16.614086,17,33.180055
22.799616,21,33.181029
24.58133,21,33.181859
11.36921,17,33.199029
7.6077046,10,33.200055
13.259259,16,33.200942
6.719795,9,33.234753
7.0932994,11,33.236351
12.315546,19,33.268776
13.367493,16,33.285913
14.506078,17,33.301259
6.0702233,8,33.316988
6.4379888,9,33.332197
12.101793,15,33.350487
7.124164,12,33.351497
10.705959,13,33.35208
6.9102964,12,33.352861
7.9105797,11,33.370062
7.820059,13,33.385263
14.415599,15,33.386322
8.854799,11,33.415812
9.325182,13,33.416936
8.823419,15,33.447072
7.769439,10,33.448117
14.389011,26,33.44916
4.7639446,7,33.480946
17.874123,18,33.496462
12.748739,15,33.512399
5.7328205,10,33.513545
9.54669,11,33.529211
22.632984,26,33.530263
20.546785,19,33.545678
23.431427,24,33.575735
6.7500467,12,33.61126
9.029914,15,33.627596
10.614663,18,33.642661
23.823809,21,33.643358
8.164724,12,33.643956
7.502785,11,33.661466
13.306066,14,33.676809
6.79348,11,33.696042
12.929757,15,33.69697
29.633265,23,33.712863
19.075264,22,33.714781
13.676049,14,33.731114
7.413793,12,33.746818
6.3506427,11,33.762287
8.323338,14,33.763223
7.210217,10,33.794815
13.611677,17,33.795735
7.662448,10,33.854319
9.118171,12,33.85533
10.625345,11,33.856228
9.048621,15,33.857501
12.265081,13,33.858468
35.895454,29,33.859525
6.941167,10,33.876585
28.684378,28,33.877567
11.259483,14,33.878453
10.192626,12,33.894677
6.6941876,12,33.90888
11.143937,17,33.924042
30.818445,24,33.925036
43.716866,39,33.953606
8.592652,13,33.954575
12.324458,13,33.970421
7.8293,10,34.01451
16.984093,18,34.015963
8.577479,11,34.037215
9.677525,11,34.038035
6.4341187,10,34.038665
11.100819,17,34.039563
9.361877,10,34.055215
9.255794,13,34.069877
6.845249,11,34.125894
15.592682,17,34.127388
9.218642,16,34.128413
14.202291,15,34.148
14.134465,14,34.1491
21.463327,19,34.16622
10.459845,12,34.167239
7.5161505,10,34.186182
21.993662,24,34.187139
14.678182,25,34.203129
16.558098,20,34.203954
17.521654,17,34.204893
10.783144,15,34.205715
10.53953,11,34.223769
9.05408,12,34.240411
9.22109,12,34.241406
11.052851,13,34.273786
7.555005,10,34.302304
8.772726,15,34.32213
10.432008,12,34.340136
10.3650675,13,34.357045
7.813014,10,34.358036
18.752018,21,34.373096
11.565979,13,34.392372
7.032504,9,34.393567
13.757331,15,34.422573
12.080489,13,34.425195
9.824766,17,34.44105
9.92318,13,34.441909
6.917942,11,34.460397
6.944805,9,34.461308
9.811047,15,34.461975
8.122743,13,34.462606
8.547932,10,34.49274
5.448757,8,34.493649
5.7047505,8,34.509861
6.755,9,34.510711
13.59292,22,34.526079
18.849539,22,34.568544
10.183585,12,34.583849
6.7731147,10,34.601623
7.9409394,11,34.630568
11.553303,13,34.631572
10.312651,12,34.649425
7.186438,13,34.665436
8.841369,11,34.680115
26.828806,30,34.680908
54.14827,40,34.696104
9.601014,13,34.697
12.278884,16,34.712199
7.7514496,10,34.740469
13.225268,15,34.760998
15.313596,16,34.762035
22.934902,26,34.814008
10.2506485,11,34.814846
7.4537044,10,34.83196
7.4272466,9,34.832772
14.777912,14,34.833527
5.260378,8,34.834212
29.619907,26,34.850035
48.160553,41,34.89182
9.428184,12,34.892687
39.46709,33,34.893372
21.88536,28,34.91053
5.822573,9,34.926169
21.847847,22,34.942071
6.47525,9,34.971695
4.882433,16,34.972717
8.676488,10,35.00466
23.222715,22,35.005455
5.8274603,15,35.020061
7.558933,11,35.020972
7.599148,14,35.051478
14.129812,14,35.070109
13.67348,14,35.071028
11.820703,12,35.085697
7.6950145,11,35.100562
11.276062,12,35.101415
8.113025,14,35.118667
8.477151,16,35.119613
7.1822743,10,35.13583
15.860162,15,35.181406
9.312149,11,35.18228
11.399488,14,35.202584
6.6029825,9,35.218878
31.326265,30,35.24782
11.143787,14,35.248813
9.325182,11,35.263041
19.636763,23,35.263999
10.406023,16,35.279309
8.643127,12,35.294132
4.873893,18,35.295157
9.162097,11,35.295927
8.275592,12,35.312056
9.954015,15,35.313001
87.86188,51,35.327975
70.29261,42,35.344953
8.206448,10,35.345913
11.7153845,13,35.346924
6.446258,10,35.375085
6.3066263,9,35.391968
8.532022,11,35.421478
68.81317,43,35.422375
9.257223,14,35.423392
14.989729,21,35.440703
6.751828,9,35.441707
13.236103,16,35.44275
6.253815,8,35.471844
7.1380076,9,35.472804
9.5727625,13,35.473674
25.110031,27,35.488715
9.337167,14,35.489796
10.605376,13,35.504338
5.246567,8,35.505502
9.1552305,14,35.534731
11.704208,16,35.535677
5.787884,9,35.566198
16.320187,18,35.581015
14.563664,16,35.597109
19.368454,21,35.640998
10.813969,16,35.641728
6.236524,9,35.642439
10.044251,15,35.657826
10.64263,13,35.674797
14.708618,15,35.675691
24.69308,22,35.691406
10.749326,13,35.692347
9.899324,12,35.72653
12.734766,19,35.727634
11.860228,16,35.743671
12.671174,14,35.759015
22.689907,19,35.81692
10.114379,12,35.820872
21.200766,21,35.823249
8.723743,11,35.824733
6.351812,9,35.84779
21.712729,22,35.848471
6.1757555,9,35.880585
8.2420435,11,35.881595
20.973873,20,35.882421
14.431343,18,35.937421
7.148044,11,35.9768
11.135817,13,35.978435
6.5234118,8,35.979914
8.207082,10,36.009426
37.97483,27,36.030249
8.158979,11,36.073885
8.334707,13,36.075345
7.3985205,10,36.076541
10.703875,16,36.077597
11.006358,11,36.09844
16.401194,17,36.119677
8.453118,11,36.120774
9.761132,12,36.14192
11.294078,13,36.143148
23.776731,22,36.161693
9.434426,11,36.215023
9.883342,14,36.216209
9.248771,14,36.217158
6.841317,10,36.217704
10.765587,15,36.232883
16.548178,18,36.233943
8.156091,12,36.234869
6.0620174,8,36.276177
12.538664,16,36.293094
6.143243,12,36.310494
12.626072,13,36.311328
8.793549,18,36.312061
12.070404,14,36.329201
8.7079735,12,36.330393
14.25753,15,36.353005
9.273661,11,36.353986
6.8825393,12,36.354729
6.2283845,8,36.356473
6.706946,9,36.373469
20.622616,19,36.388415
9.538136,11,36.402979
9.606174,11,36.418138
6.426878,9,36.434277
22.342554,20,36.43609
6.88051,9,36.453916
11.390024,13,36.454853
13.466993,19,36.455581
7.5222516,9,36.477204
8.17457,11,36.510411
12.930826,16,36.511341
10.81216,12,36.532046
7.19659,12,36.55284
10.645789,13,36.587648
13.876116,13,36.588662
7.020571,10,36.58972
17.311249,23,36.619679
8.021251,10,36.620592
9.126561,16,36.638956
9.134853,11,36.640146
12.406775,17,36.641044
8.661218,12,36.641819
9.524914,11,36.671351
16.575802,16,36.672381
5.5211167,12,36.673445
8.624102,13,36.688987
9.880697,14,36.704887
5.8254943,9,36.70584
13.881783,20,36.722891
7.1854568,9,36.738151
7.600023,23,36.75285
7.0015655,11,36.774032
7.499478,11,36.776361
8.160567,10,36.804948
10.198179,12,36.836302
11.543376,18,36.837216
11.914301,12,36.852393
9.958227,11,36.872512
7.030119,9,36.873203
7.243385,9,36.891413
21.61043,21,36.892434
27.843798,21,36.909325
16.929716,16,36.925105
7.9357266,14,36.925859
7.3825083,11,36.958041
8.414129,11,36.976442
6.1486673,9,36.999662
19.315578,19,37.029697
22.74908,23,37.046106
18.395658,21,37.046989
23.443447,23,37.047739
8.6018,11,37.063271
7.5572886,9,37.064234
17.718912,16,37.064687
16.387642,21,37.108634
9.093966,15,37.126617
11.269171,17,37.127828
11.943604,24,37.128629
12.994934,17,37.147052
14.866228,16,37.162363
8.661786,11,37.163332
