time/fps,time/total_timesteps,rollout/ep_len_mean,time/time_elapsed,rollout/ep_rew_mean,time/episodes,train/critic_loss,train/learning_rate,train/ent_coef,train/ent_coef_loss,train/actor_loss,train/n_updates
3126,360,13.4,0,10.1315231,10,,,,,,
3306,560,16.3,0,13.28131815,20,,,,,,
3639,800,17.64516129032258,0,14.762924774193548,30,,,,,,
3913,1020,18.425,0,14.277583799999999,40,,,,,,
4061,1280,19.50943396226415,0,15.54193488679245,50,,,,,,
4205,1520,19.540983606557376,0,15.1121731147541,60,,,,,,
4209,1640,19.788732394366196,0,15.575897183098592,70,,,,,,
4304,1880,20.308641975308642,0,16.429140777777782,80,,,,,,
4348,2080,20.72222222222222,0,16.737047211111115,90,,,,,,
4405,2320,20.69,0,16.64244007,100,,,,,,
4428,2560,21.23,0,16.87804301,110,,,,,,
4463,2780,21.88,0,17.65970867,120,,,,,,
4457,3040,21.93,0,17.31938195,130,,,,,,
4470,3220,22.02,0,17.61737139,140,,,,,,
4469,3380,22.04,0,17.303347010000003,150,,,,,,
4398,3580,21.96,0,17.5564115,160,,,,,,
4446,3820,22.13,0,17.75121727,170,,,,,,
4496,4060,21.66,0,16.9562153,180,,,,,,
4554,4340,21.29,0,16.71829318,190,,,,,,
4537,4440,21.64,0,16.9837497,200,,,,,,
4583,4720,21.9,1,17.70601521,210,,,,,,
4584,5020,21.76,1,17.09529642,220,,,,,,
4644,5280,21.42,1,16.91447791,230,,,,,,
4651,5440,21.99,1,18.08142617,240,,,,,,
4668,5700,21.74,1,18.814022759999997,250,,,,,,
4701,5880,22.11,1,19.292433949999996,260,,,,,,
4747,6180,22.29,1,19.27469469,270,,,,,,
4795,6440,22.91,1,19.90556771,280,,,,,,
4848,6740,22.72,1,19.71070566,290,,,,,,
4870,6940,22.7,1,19.54229394,300,,,,,,
4871,7140,24.18,1,21.368741529999998,310,,,,,,
4894,7380,23.26,1,20.58159525,320,,,,,,
4865,7540,24.34,1,21.554195959999998,330,,,,,,
4855,7820,23.6,1,20.924442869999996,340,,,,,,
4832,8000,24.61,1,22.778086779999995,350,,,,,,
4834,8160,23.49,1,20.947860560000002,360,,,,,,
4876,8440,23.39,1,21.263544409999998,370,,,,,,
4888,8600,23.08,1,20.89560808,380,,,,,,
4894,8820,23.51,1,20.954522430000008,390,,,,,,
4852,8980,22.81,1,20.56511757,400,,,,,,
4856,9300,21.13,1,18.151971579999998,410,,,,,,
4861,9420,22.35,1,19.90060492,420,,,,,,
4878,9660,21.32,1,19.13048176,430,,,,,,
4874,9880,20.93,2,18.13617176,440,,,,,,
4519,10220,20.69,2,17.02529235,450,5.441379547119141,0.00021544346900318823,0.9980611801147461,-0.009745749644935131,-2.6161489486694336,10
4288,10380,21.35,2,17.5515788,460,3.740133762359619,0.00021544346900318823,0.996338963508606,-0.018525030463933945,-3.2111921310424805,18
4043,10560,21.87,2,17.771442820000004,470,2.292743682861328,0.00021544346900318823,0.9944041967391968,-0.028189634904265404,-3.8199501037597656,27
3840,10780,21.96,2,18.247963300000002,480,2.039536476135254,0.00021544346900318823,0.9920464754104614,-0.04022456333041191,-4.348106861114502,38
3692,10940,21.44,2,17.793152189999997,490,1.1822755336761475,0.00021544346900318823,0.9903355836868286,-0.04881548136472702,-4.4738311767578125,46
3539,11140,21.47,3,17.712409720000004,500,1.234094500541687,0.00021544346900318823,0.9882012605667114,-0.05990246683359146,-4.595496654510498,56
3387,11320,20.88,3,16.86747452,510,1.4231176376342773,0.00021544346900318823,0.9862843751907349,-0.07003877311944962,-4.843880653381348,65
3232,11540,20.31,3,16.40058132,520,1.2457122802734375,0.00021544346900318823,0.9839455485343933,-0.08158369362354279,-4.881265163421631,76
3141,11700,20.76,3,16.57389639,530,0.9465712308883667,0.00021544346900318823,0.9822486042976379,-0.09008883684873581,-4.949458122253418,84
3018,12020,21.2,3,16.83458109,540,0.7142589688301086,0.00021544346900318823,0.9788670539855957,-0.10810253024101257,-5.148193836212158,100
2933,12260,21.26,4,17.85979751,550,1.0081855058670044,0.00021544346900318823,0.9763387441635132,-0.12094294279813766,-5.308802604675293,112
2851,12500,20.47,4,17.11915067,560,0.9511674642562866,0.00021544346900318823,0.9738163948059082,-0.13463222980499268,-5.40700626373291,124
2748,12840,21.13,4,17.283774020000003,570,0.9549832344055176,0.00021544346900318823,0.9702549576759338,-0.15211044251918793,-5.545363426208496,141
2579,13160,21.85,5,17.919938889999997,580,0.8121246695518494,0.00021544346900318823,0.9669150710105896,-0.16939041018486023,-5.676590919494629,157
2506,13360,23.66,5,20.339716919999997,590,0.5682294964790344,0.00021544346900318823,0.9648340940475464,-0.17926622927188873,-5.809812068939209,167
2457,13580,24.14,5,21.52197477,600,0.6392441987991333,0.00021544346900318823,0.9625499248504639,-0.1921916902065277,-5.8559651374816895,178
2408,13800,24.93,5,22.48598789,610,0.7422651052474976,0.00021544346900318823,0.9602696895599365,-0.2041066288948059,-5.985969066619873,189
2369,13960,24.4,5,22.05080481,620,0.6017826199531555,0.00021544346900318823,0.958614706993103,-0.21333818137645721,-6.134695053100586,197
2299,14280,24.44,6,22.129480529999995,630,0.576693058013916,0.00021544346900318823,0.9553166627883911,-0.2316703200340271,-6.237907409667969,213
2271,14440,24.64,6,22.56607981,640,0.7491247653961182,0.00021544346900318823,0.953671932220459,-0.23954324424266815,-6.339116096496582,221
2225,14720,23.98,6,20.62125108,650,0.4200286865234375,0.00021544346900318823,0.9508010149002075,-0.25345277786254883,-6.4487762451171875,235
2185,15020,24.87,6,21.397940789999996,660,0.6972405910491943,0.00021544346900318823,0.9477353096008301,-0.26971524953842163,-6.559779167175293,250
2148,15300,24.38,7,21.12530986,670,0.7106896042823792,0.00021544346900318823,0.9448801875114441,-0.2850255072116852,-6.704343795776367,264
2109,15620,24.79,7,22.62867687,680,0.5030262470245361,0.00021544346900318823,0.9416319131851196,-0.30112922191619873,-6.713438987731934,280
2071,15940,24.19,7,22.354368479999998,690,0.9540082216262817,0.00021544346900318823,0.9383965134620667,-0.31962746381759644,-6.988101005554199,296
2003,16360,25.46,8,24.575101250000003,700,0.9018704891204834,0.00021544346900318823,0.9341697096824646,-0.3404059410095215,-7.032289505004883,317
1951,16600,26.38,8,25.816177359999994,710,0.6711748838424683,0.00021544346900318823,0.9317632913589478,-0.35414451360702515,-7.280609607696533,329
1927,16820,27.47,8,27.96520297,720,0.5553959608078003,0.00021544346900318823,0.9295614361763,-0.3671133518218994,-7.403750419616699,340
1893,17120,28.19,9,28.730200669999995,730,0.9972293376922607,0.00021544346900318823,0.9265713095664978,-0.3835151195526123,-7.504914283752441,355
1877,17340,28.32,9,28.92970938,740,0.8184167742729187,0.00021544346900318823,0.9243858456611633,-0.3935200870037079,-7.404237747192383,366
1853,17680,28.36,9,29.34311801000001,750,1.1231509447097778,0.00021544346900318823,0.9210178852081299,-0.41642844676971436,-7.815284729003906,383
1837,18000,29.1,9,30.93044897999999,760,0.9317123889923096,0.00021544346900318823,0.9178622961044312,-0.4299379587173462,-7.947597503662109,399
1815,18280,29.88,10,31.569252680000005,770,0.5941227674484253,0.00021544346900318823,0.9151096940040588,-0.44366008043289185,-8.110550880432129,413
1785,18600,29.65,10,31.346048720000002,780,0.8715177774429321,0.00021544346900318823,0.9119759202003479,-0.4595327377319336,-8.298498153686523,429
1760,18920,29.94,10,31.031810689999993,790,0.5792357921600342,0.00021544346900318823,0.9088524580001831,-0.4800512492656708,-8.56169319152832,445
1721,19340,30.54,11,31.193722189999995,800,0.6010277271270752,0.00021544346900318823,0.9047749638557434,-0.4956759512424469,-8.574591636657715,466
1689,19780,29.69,11,29.692285030000004,810,1.0837643146514893,0.00021544346900318823,0.9005235433578491,-0.5232089161872864,-8.570409774780273,488
1669,20160,31.55,12,31.424085960000003,820,0.7734901309013367,0.00021544346900318823,0.8968718647956848,-0.5373806953430176,-9.163411140441895,507
1657,20540,33.69,12,34.579863429999996,830,0.5665963292121887,0.00021544346900318823,0.8932451605796814,-0.5641827583312988,-9.041900634765625,526
1634,21100,35.44,12,36.49687666,840,1.4166374206542969,0.00021544346900318823,0.887914776802063,-0.5990793704986572,-9.477340698242188,554
1621,21440,36.85,13,39.128265219999996,850,2.043177843093872,0.00021544346900318823,0.8846963047981262,-0.6110056638717651,-9.550228118896484,571
1606,21840,39.15,13,42.1054849,860,2.2814555168151855,0.00021544346900318823,0.880934476852417,-0.6312435269355774,-9.822101593017578,591
1593,22240,39.03,13,42.787132549999995,870,1.353088617324829,0.00021544346900318823,0.8771891593933105,-0.6449463367462158,-10.125539779663086,611
1578,22700,40.21,14,43.067786180000006,880,1.9872498512268066,0.00021544346900318823,0.8729058504104614,-0.6718114614486694,-10.036200523376465,634
1555,23380,41.47,15,43.65352376999999,890,1.672581672668457,0.00021544346900318823,0.8666132092475891,-0.7070348262786865,-10.22780990600586,668
1533,23760,43.56,15,48.55651692000001,900,1.5558340549468994,0.00021544346900318823,0.8631300926208496,-0.7302305102348328,-10.739797592163086,687
1520,24180,45.0,15,50.955475500000006,910,0.8521073460578918,0.00021544346900318823,0.8592846989631653,-0.7462848424911499,-10.876129150390625,708
1499,24820,44.78,16,51.49862864000001,920,0.7587603330612183,0.00021544346900318823,0.8534677624702454,-0.77933669090271,-11.60562515258789,740
1479,25500,45.34,17,53.368046299999996,930,1.3982055187225342,0.00021544346900318823,0.8473383784294128,-0.807403028011322,-11.384879112243652,774
1471,25940,48.29,17,60.711137230000006,940,2.437875270843506,0.00021544346900318823,0.8434093594551086,-0.836307168006897,-11.880193710327148,796
1448,26640,50.08,18,62.54926703,950,1.8815945386886597,0.00021544346900318823,0.8371818661689758,-0.8597279787063599,-12.319685935974121,831
1421,27500,51.43,19,65.46438522999999,960,1.6377350091934204,0.00021544346900318823,0.8296211361885071,-0.9081380367279053,-12.468185424804688,874
1410,28060,53.57,19,69.35152235,970,0.5660108327865601,0.00021544346900318823,0.8247442841529846,-0.9250460267066956,-12.738265991210938,902
1402,28520,55.59,20,74.477591,980,2.723787784576416,0.00021544346900318823,0.82075434923172,-0.9675174355506897,-13.294618606567383,925
1381,29440,56.98,21,78.63460035,990,2.2400975227355957,0.00021544346900318823,0.8128488063812256,-0.9954458475112915,-13.093868255615234,971
1365,30120,59.98,22,81.93137493999998,1000,3.2475647926330566,0.00021544346900318823,0.8070735931396484,-1.051778793334961,-14.36384391784668,1005
1355,30540,61.85,22,85.46845026000001,1010,3.685821533203125,0.00021544346900318823,0.8035339713096619,-1.0450243949890137,-14.470085144042969,1026
1335,31300,64.19,23,90.15971671000003,1020,3.8434314727783203,0.00021544346900318823,0.7971662878990173,-1.0750281810760498,-14.594682693481445,1064
1325,32000,65.48,24,93.41999049000002,1030,2.471342086791992,0.00021544346900318823,0.7913529276847839,-1.1320915222167969,-15.318302154541016,1099
1316,32520,65.28,24,92.80198139,1040,3.5113134384155273,0.00021544346900318823,0.7870523929595947,-1.134395956993103,-15.863350868225098,1125
1305,33400,65.04,25,94.72013386,1050,3.0118408203125,0.00021544346900318823,0.7798465490341187,-1.1818416118621826,-15.895349502563477,1169
1300,34040,66.86,26,100.80569754999999,1060,2.1097586154937744,0.00021544346900318823,0.774682879447937,-1.1875808238983154,-16.478925704956055,1201
1297,34460,67.7,26,103.57749982000001,1070,2.020228624343872,0.00021544346900318823,0.7713196873664856,-1.2571778297424316,-16.335433959960938,1222
1289,35540,68.62,27,105.62544008,1080,4.547796249389648,0.00021544346900318823,0.7627178430557251,-1.2760928869247437,-17.446897506713867,1276
1286,35840,68.66,27,107.65276658000002,1090,4.021401882171631,0.00021544346900318823,0.760367214679718,-1.2604726552963257,-17.72671890258789,1291
1285,36800,67.21,28,107.49742905000001,1100,6.962094306945801,0.00021544346900318823,0.7528365850448608,-1.3607854843139648,-17.865352630615234,1339
1277,37580,68.52,29,112.93916993,1110,3.2599868774414062,0.00021544346900318823,0.7467584013938904,-1.3570693731307983,-17.90669822692871,1378
1274,38280,70.03,30,119.20435230999998,1120,4.709473609924316,0.00021544346900318823,0.7413860559463501,-1.3925079107284546,-18.91448402404785,1413
1268,39100,70.43,30,120.39566041,1130,4.295287132263184,0.00021544346900318823,0.7351381778717041,-1.4091041088104248,-19.411218643188477,1454
1262,39980,71.95,31,125.07171539000001,1140,4.204049110412598,0.00021544346900318823,0.7285038232803345,-1.4440891742706299,-19.868640899658203,1498
1259,40520,72.23,32,127.57911003000002,1150,8.229113578796387,0.00021544346900318823,0.7244740724563599,-1.4514849185943604,-19.943655014038086,1525
1254,41220,73.35,32,132.58504044,1160,4.553857803344727,0.00021544346900318823,0.7192500829696655,-1.54459547996521,-20.811397552490234,1560
1250,42080,73.64,33,135.29877061,1170,8.364130020141602,0.00021544346900318823,0.7129472494125366,-1.593531847000122,-20.839231491088867,1603
1246,42900,74.04,34,139.71051087,1180,3.2304654121398926,0.00021544346900318823,0.7069694995880127,-1.5958681106567383,-21.803600311279297,1644
1242,43900,77.28,35,147.88954971,1190,8.845168113708496,0.00021544346900318823,0.6997756958007812,-1.6589940786361694,-22.942607879638672,1694
1233,45140,80.66,36,158.45120143,1200,4.944057941436768,0.00021544346900318823,0.6909891366958618,-1.6559104919433594,-23.09554672241211,1756
1229,45700,82.69,37,163.39129551,1210,12.981378555297852,0.00021544346900318823,0.6870496869087219,-1.6390557289123535,-24.025962829589844,1784
1223,46940,83.17,38,166.42138194999998,1220,4.581637859344482,0.00021544346900318823,0.6784856915473938,-1.7422739267349243,-24.226144790649414,1846
1220,47760,86.15,39,175.55323054999997,1230,7.2707672119140625,0.00021544346900318823,0.6728777885437012,-1.7491092681884766,-24.59967041015625,1887
1217,48920,88.21,40,180.78044766,1240,15.022195816040039,0.00021544346900318823,0.6650072336196899,-1.777501106262207,-25.22691535949707,1945
1214,49640,91.06,40,188.80693332999996,1250,7.901139259338379,0.00021544346900318823,0.6601513624191284,-1.7869281768798828,-25.459423065185547,1981
1210,50940,92.4,42,192.14500991,1260,4.785976886749268,0.00021544346900318823,0.6515881419181824,-1.8934104442596436,-26.982133865356445,2046
1208,51520,94.97,42,198.32922942000002,1270,7.3642401695251465,0.00021544346900318823,0.6478257775306702,-1.899282455444336,-26.813831329345703,2075
1200,52920,97.4,44,204.15036139,1280,8.770723342895508,0.00021544346900318823,0.6387767195701599,-1.9087905883789062,-27.39409637451172,2145
1197,53560,98.03,44,206.7657531,1290,3.434206485748291,0.00021544346900318823,0.6347115635871887,-1.9030070304870605,-28.255695343017578,2177
1194,54720,97.14,45,205.35711995000003,1300,7.27635383605957,0.00021544346900318823,0.6274011731147766,-2.0501928329467773,-29.365333557128906,2235
1191,55580,96.97,46,206.46443964000002,1310,8.241852760314941,0.00021544346900318823,0.6219891905784607,-2.086777687072754,-29.894515991210938,2278
1186,56680,97.21,47,206.62548733,1320,11.075834274291992,0.00021544346900318823,0.6151742935180664,-1.9615521430969238,-29.53547477722168,2333
1185,57500,97.15,48,206.82893612000004,1330,3.8203275203704834,0.00021544346900318823,0.6101458072662354,-2.0192227363586426,-30.341609954833984,2374
1177,58600,97.08,49,207.91639536000002,1340,8.15671157836914,0.00021544346900318823,0.6034550070762634,-2.1194305419921875,-31.30933380126953,2429
1170,59380,97.2,50,208.51390000999996,1350,5.495702266693115,0.00021544346900318823,0.5987642407417297,-2.110389232635498,-32.498207092285156,2468
1164,60540,96.34,52,206.81921478,1360,9.329607963562012,0.00021544346900318823,0.5918647050857544,-2.1519789695739746,-32.63892364501953,2526
1161,61120,95.73,52,206.09907398,1370,11.020475387573242,0.00021544346900318823,0.5884718298912048,-2.2088277339935303,-33.283931732177734,2555
1157,62280,94.88,53,205.29095762000006,1380,10.027679443359375,0.00021544346900318823,0.5817496180534363,-2.2863454818725586,-33.67060470581055,2613
1156,63020,94.63,54,205.03455784000002,1390,4.532073974609375,0.00021544346900318823,0.5774593949317932,-2.241583824157715,-33.63163757324219,2650
1152,64140,95.18,55,206.41769316000003,1400,6.660894870758057,0.00021544346900318823,0.5711087584495544,-2.203822612762451,-34.04955291748047,2706
1148,64920,94.82,56,205.67319759000003,1410,7.400352478027344,0.00021544346900318823,0.5667306184768677,-2.189810276031494,-35.064842224121094,2745
1144,66040,94.48,57,205.34626887999994,1420,8.620363235473633,0.00021544346900318823,0.5604984760284424,-2.297652006149292,-35.39607238769531,2801
1143,66700,93.94,58,204.11918617,1430,21.246109008789062,0.00021544346900318823,0.5568681359291077,-2.420469284057617,-36.364219665527344,2834
1138,67900,93.4,59,202.98075112000004,1440,9.432462692260742,0.00021544346900318823,0.5502585768699646,-2.2781710624694824,-37.1875114440918,2894
1130,68520,93.3,60,202.91446376,1450,4.370638370513916,0.00021544346900318823,0.5469285845756531,-2.4500153064727783,-37.569427490234375,2925
1123,69720,93.09,62,202.69275729,1460,10.416083335876465,0.00021544346900318823,0.540445864200592,-2.4379825592041016,-38.42695236206055,2985
1121,70360,92.85,62,202.55074272,1470,15.759647369384766,0.00021544346900318823,0.5370444059371948,-2.4347479343414307,-38.38916015625,3017
1117,71480,92.57,63,201.96512862,1480,18.2519474029541,0.00021544346900318823,0.531188428401947,-2.5728349685668945,-38.986793518066406,3073
1115,72100,91.63,64,199.18990222999997,1490,10.864279747009277,0.00021544346900318823,0.5279481410980225,-2.4672276973724365,-38.31333923339844,3104
1112,73200,90.47,65,196.48743291999995,1500,7.040932655334473,0.00021544346900318823,0.5222309827804565,-2.5502781867980957,-40.748626708984375,3159
1108,73940,90.08,66,195.59542335999998,1510,5.094820499420166,0.00021544346900318823,0.5184025764465332,-2.482998847961426,-40.53215789794922,3196
1106,75040,89.84,67,195.11919438000004,1520,14.851699829101562,0.00021544346900318823,0.5127537846565247,-2.486382484436035,-40.47429656982422,3251
1104,75660,89.61,68,194.53812698000002,1530,5.145815849304199,0.00021544346900318823,0.5096448063850403,-2.4903056621551514,-41.736083984375,3282
1101,76820,89.25,69,193.94335371999995,1540,10.89831829071045,0.00021544346900318823,0.5038000345230103,-2.615274429321289,-41.667076110839844,3340
1100,77400,88.46,70,191.5986734,1550,5.254261016845703,0.00021544346900318823,0.5009204745292664,-2.7263898849487305,-42.47962951660156,3369
1097,78580,88.17,71,190.90568443999996,1560,27.137718200683594,0.00021544346900318823,0.4950425624847412,-2.8239941596984863,-43.22721481323242,3428
1096,79180,87.93,72,189.94843841999997,1570,17.609243392944336,0.00021544346900318823,0.4920857548713684,-2.6237196922302246,-43.39133834838867,3458
1093,80240,87.79,73,189.53411691999997,1580,12.570083618164062,0.00021544346900318823,0.48698508739471436,-2.7590982913970947,-43.53607177734375,3511
1092,80940,87.9,74,189.89794455000003,1590,9.529938697814941,0.00021544346900318823,0.4836217164993286,-2.816293716430664,-44.9554557800293,3546
1089,81980,88.04,75,190.20523095000001,1600,1.7212586402893066,0.00021544346900318823,0.47870951890945435,-2.737004280090332,-45.866294860839844,3598
1088,82680,88.01,75,189.66999749,1610,5.268468856811523,0.00021544346900318823,0.4754582941532135,-2.8413100242614746,-45.80944061279297,3633
1084,83700,87.81,77,189.02814962,1620,14.715538024902344,0.00021544346900318823,0.4706621766090393,-2.7308971881866455,-45.22903823852539,3684
1083,84400,87.35,77,187.71244901000003,1630,38.67982482910156,0.00021544346900318823,0.4674651622772217,-2.7383909225463867,-44.93012237548828,3719
1081,85500,87.45,79,187.92738014999998,1640,14.801952362060547,0.00021544346900318823,0.46244698762893677,-2.731696128845215,-47.141517639160156,3774
1079,86260,87.56,79,188.63844274,1650,6.783476829528809,0.00021544346900318823,0.45898911356925964,-2.7624497413635254,-47.78192901611328,3812
1078,87200,87.42,80,187.93185133999995,1660,3.745845079421997,0.00021544346900318823,0.4547867774963379,-3.06422758102417,-47.134437561035156,3859
1076,87960,87.27,81,187.53160391999998,1670,18.688079833984375,0.00021544346900318823,0.451383501291275,-2.9093685150146484,-48.546634674072266,3897
1073,88980,87.34,82,187.45392004,1680,15.370580673217773,0.00021544346900318823,0.4468421936035156,-2.8528311252593994,-49.18095016479492,3948
1072,89740,87.53,83,188.04165395999996,1690,15.239236831665039,0.00021544346900318823,0.44348570704460144,-2.892106533050537,-48.34930419921875,3986
1071,90720,87.67,84,188.39632327000004,1700,17.002674102783203,0.00021544346900318823,0.4392002820968628,-2.987234354019165,-49.23609161376953,4035
1069,91540,87.82,85,189.1121703,1710,4.238007545471191,0.00021544346900318823,0.4356239438056946,-3.0420241355895996,-50.3903923034668,4076
1067,92540,88.14,86,190.38683811999996,1720,4.8361992835998535,0.00021544346900318823,0.43127700686454773,-3.117859363555908,-50.09839630126953,4126
1067,93380,88.67,87,191.5013468,1730,22.40163803100586,0.00021544346900318823,0.42771339416503906,-3.1154627799987793,-50.90278625488281,4168
1064,94280,88.64,88,191.50893091,1740,12.570792198181152,0.00021544346900318823,0.42395302653312683,-2.7909488677978516,-50.719818115234375,4213
1063,95140,88.83,89,191.88061967,1750,6.646477222442627,0.00021544346900318823,0.42035993933677673,-2.915790557861328,-51.75083923339844,4256
1061,96140,89.05,90,192.43027404999998,1760,12.165155410766602,0.00021544346900318823,0.41621020436286926,-3.0788121223449707,-52.11573028564453,4306
1060,96880,89.29,91,193.30829495,1770,18.187421798706055,0.00021544346900318823,0.41318467259407043,-3.1016931533813477,-51.27656555175781,4343
1057,98060,89.64,92,194.46447116,1780,12.303285598754883,0.00021544346900318823,0.40837132930755615,-3.046386480331421,-51.55621337890625,4402
1056,98720,89.98,93,195.65756166000006,1790,20.009380340576172,0.00021544346900318823,0.40569189190864563,-3.170848846435547,-53.929141998291016,4435
1054,99880,90.35,94,196.93869488,1800,5.4852118492126465,0.00021544346900318823,0.40107443928718567,-3.134016752243042,-53.38115692138672,4493
1054,100520,90.52,95,197.71714118999998,1810,18.022239685058594,0.00021544346900318823,0.3985483646392822,-3.2827935218811035,-54.62029266357422,4525
1052,101720,90.47,96,197.25032611000006,1820,7.147992134094238,0.00021544346900318823,0.393805593252182,-3.456902027130127,-54.273780822753906,4585
1051,102300,90.7,97,198.64248267999994,1830,7.100844860076904,0.00021544346900318823,0.391522616147995,-3.449540376663208,-55.12109375,4614
1049,103620,91.54,98,201.02831608999998,1840,15.437967300415039,0.00021544346900318823,0.3864644169807434,-3.4199581146240234,-55.13886260986328,4680
1048,104280,92.32,99,203.46361888000004,1850,8.276100158691406,0.00021544346900318823,0.38390839099884033,-3.476247787475586,-56.402645111083984,4713
1047,105540,93.1,100,205.83982393,1860,25.991228103637695,0.00021544346900318823,0.3791063129901886,-3.5073671340942383,-56.14098358154297,4776
1046,106260,94.0,101,208.3806358,1870,29.274890899658203,0.00021544346900318823,0.3763478696346283,-3.604872226715088,-56.5169792175293,4812
1044,107560,94.47,102,209.96938538999999,1880,6.008912086486816,0.00021544346900318823,0.371499240398407,-3.2377405166625977,-57.12979507446289,4877
1042,108160,95.06,103,212.00316802999998,1890,3.7410879135131836,0.00021544346900318823,0.3693220019340515,-3.4666645526885986,-58.18374252319336,4907
1041,109600,95.6,105,213.86809527000003,1900,7.0643157958984375,0.00021544346900318823,0.364020973443985,-3.430605411529541,-58.87046813964844,4979
1040,110200,96.62,105,217.37843016,1910,23.99633026123047,0.00021544346900318823,0.3618437647819519,-3.3291170597076416,-57.61328125,5009
1038,111580,97.67,107,220.90789408,1920,14.8574800491333,0.00021544346900318823,0.35688477754592896,-3.424170732498169,-59.91310119628906,5078
1037,112380,99.05,108,225.1352258,1930,9.632988929748535,0.00021544346900318823,0.35403621196746826,-3.5041561126708984,-59.82501220703125,5118
1036,113600,100.01,109,228.59864326,1940,3.9597461223602295,0.00021544346900318823,0.3497820794582367,-3.6664655208587646,-61.33690643310547,5179
1035,114620,100.87,110,231.61343607000003,1950,4.319149494171143,0.00021544346900318823,0.34622707962989807,-3.646895408630371,-60.79511642456055,5230
1034,115820,102.38,111,237.48994197999997,1960,19.573400497436523,0.00021544346900318823,0.34210649132728577,-3.613600015640259,-60.40503692626953,5290
1033,116800,103.68,112,242.22748679,1970,16.45303726196289,0.00021544346900318823,0.3388296961784363,-3.424388885498047,-62.73395538330078,5339
1032,118120,105.63,114,248.02187278000002,1980,18.32951545715332,0.00021544346900318823,0.3344757556915283,-3.4772844314575195,-63.18650817871094,5405
1031,119120,107.11,115,252.33512514999998,1990,26.32402229309082,0.00021544346900318823,0.33117955923080444,-3.456852912902832,-62.78132629394531,5455
1029,120340,108.89,116,257.80763959999996,2000,24.261951446533203,0.00021544346900318823,0.32716792821884155,-3.494462490081787,-62.931884765625,5516
1028,121480,110.69,118,263.22408547000003,2010,11.006893157958984,0.00021544346900318823,0.3235401213169098,-3.67569637298584,-64.13481903076172,5573
1026,122960,112.72,119,270.52632968,2020,10.55943489074707,0.00021544346900318823,0.318837434053421,-3.53592848777771,-65.02814483642578,5647
1026,124140,114.41,120,275.0527347600001,2030,14.725401878356934,0.00021544346900318823,0.3151557743549347,-3.8282089233398438,-64.65640258789062,5706
1025,125320,115.87,122,279.63008130000003,2040,4.741159915924072,0.00021544346900318823,0.31148698925971985,-3.6451539993286133,-64.89883422851562,5765
1024,126600,117.54,123,284.23543034,2050,18.79629135131836,0.00021544346900318823,0.307608038187027,-3.6992080211639404,-67.6612319946289,5829
1023,127800,118.44,124,286.67586919999997,2060,6.711119174957275,0.00021544346900318823,0.3040134608745575,-3.786966323852539,-65.72084045410156,5889
1022,129340,119.77,126,290.72698334999995,2070,15.666423797607422,0.00021544346900318823,0.2994566559791565,-3.8509833812713623,-68.7337646484375,5966
1021,130280,121.41,127,295.9972536,2080,5.748247146606445,0.00021544346900318823,0.29671820998191833,-3.2952380180358887,-68.85530090332031,6013
1020,132040,122.51,129,299.12555467000004,2090,41.99366760253906,0.00021544346900318823,0.29164236783981323,-3.8019473552703857,-68.8128662109375,6101
1019,132820,123.83,130,302.24179198,2100,6.819994926452637,0.00021544346900318823,0.2894114851951599,-3.8264198303222656,-69.73219299316406,6140
1018,134400,124.6,131,304.3101050099999,2110,13.873855590820312,0.00021544346900318823,0.2850174605846405,-3.5796494483947754,-70.46044158935547,6219
1018,135560,125.37,133,304.55085252,2120,23.740314483642578,0.00021544346900318823,0.2818582057952881,-3.6541495323181152,-70.18592834472656,6277
1016,136960,126.15,134,306.46281349,2130,9.559120178222656,0.00021544346900318823,0.2780652642250061,-3.66756010055542,-72.50237274169922,6347
1014,138360,128.09,136,310.42871073,2140,26.126352310180664,0.00021544346900318823,0.2743324339389801,-3.492480516433716,-72.59187316894531,6417
1013,139720,129.93,137,314.05053832,2150,23.233108520507812,0.00021544346900318823,0.2708112597465515,-3.957181930541992,-74.18939208984375,6485
1013,141040,130.56,139,314.55680092999995,2160,39.397403717041016,0.00021544346900318823,0.26739761233329773,-3.5815396308898926,-73.61277770996094,6551
1012,142160,131.57,140,316.43033323000003,2170,11.858396530151367,0.00021544346900318823,0.26454079151153564,-3.950214385986328,-74.39762115478516,6607
1011,143620,131.52,142,315.79545392000006,2180,13.911205291748047,0.00021544346900318823,0.26084935665130615,-3.6372134685516357,-73.947021484375,6680
1010,144620,132.16,143,317.32266503000005,2190,4.150708198547363,0.00021544346900318823,0.25833752751350403,-3.992136001586914,-77.0178451538086,6730
1009,146340,132.23,144,316.92693406000006,2200,8.216805458068848,0.00021544346900318823,0.2541508674621582,-3.7831907272338867,-76.59332275390625,6816
1008,147640,132.97,146,318.35111024,2210,16.013259887695312,0.00021544346900318823,0.25099173188209534,-3.718097686767578,-76.29434204101562,6881
1006,148860,133.44,147,320.06919159,2220,10.601628303527832,0.00021544346900318823,0.24806173145771027,-4.00368070602417,-76.50367736816406,6942
1006,150180,133.63,149,320.19875755000004,2230,5.06445837020874,0.00021544346900318823,0.2449297457933426,-4.01039457321167,-76.33819580078125,7008
1006,151480,132.74,150,318.3449941,2240,11.553719520568848,0.00021544346900318823,0.24191132187843323,-3.8142008781433105,-79.03885650634766,7073
1005,152780,132.32,152,317.81297238999997,2250,35.54104995727539,0.00021544346900318823,0.23900224268436432,-3.9295082092285156,-77.68704223632812,7138
1004,153940,132.19,153,317.49519028000003,2260,7.008317470550537,0.00021544346900318823,0.23645088076591492,-3.7551209926605225,-79.45610046386719,7196
1003,155400,131.46,154,314.70454408,2270,16.578554153442383,0.00021544346900318823,0.23321929574012756,-3.7000646591186523,-80.36117553710938,7269
1002,156500,131.34,156,313.87366516,2280,16.79486083984375,0.00021544346900318823,0.23080125451087952,-3.9751062393188477,-80.54993438720703,7324
1001,158020,130.89,157,312.36756755,2290,14.858904838562012,0.00021544346900318823,0.22758473455905914,-3.6032044887542725,-79.72225189208984,7400
1001,159180,131.07,158,311.56545786999993,2300,5.331020832061768,0.00021544346900318823,0.225180521607399,-3.1133108139038086,-81.29817199707031,7458
1000,160680,130.97,160,310.33985774,2310,28.023014068603516,0.00021544346900318823,0.22207090258598328,-3.9273250102996826,-84.06761169433594,7533
1000,161860,131.19,161,309.15970846,2320,11.449399948120117,0.00021544346900318823,0.21962471306324005,-3.778625965118408,-82.67205810546875,7592
999,163560,131.1,163,308.55721437999995,2330,15.379399299621582,0.00021544346900318823,0.21613822877407074,-3.4827513694763184,-83.27792358398438,7677
999,164580,131.3,164,306.90755154000004,2340,14.632513999938965,0.00021544346900318823,0.2140650600194931,-4.0760817527771,-84.90660095214844,7728
999,166020,130.98,166,304.51793275,2350,15.835256576538086,0.00021544346900318823,0.21134717762470245,-3.5217604637145996,-85.57061004638672,7800
998,167400,131.22,167,303.40229755999997,2360,6.729247570037842,0.00021544346900318823,0.2087058424949646,-4.012514591217041,-86.43729400634766,7869
997,168560,131.68,169,302.34568107999996,2370,46.27234649658203,0.00021544346900318823,0.20647820830345154,-3.6211671829223633,-84.06806945800781,7927
996,170080,131.99,170,302.42248619,2380,8.333345413208008,0.00021544346900318823,0.20356515049934387,-3.8906455039978027,-87.261474609375,8003
996,171220,132.4,171,302.01804398,2390,14.76481819152832,0.00021544346900318823,0.2014087736606598,-3.4090137481689453,-84.12510681152344,8060
995,172700,132.81,173,303.44404525000004,2400,22.426061630249023,0.00021544346900318823,0.19865839183330536,-4.134310722351074,-86.55677032470703,8134
994,173840,133.14,174,303.91873629,2410,57.3438720703125,0.00021544346900318823,0.196618914604187,-3.50089168548584,-86.85238647460938,8191
994,175500,132.79,176,303.1336966,2420,33.23314666748047,0.00021544346900318823,0.1936676800251007,-3.2813045978546143,-89.10572052001953,8274
993,176500,132.96,177,303.07047316000006,2430,56.9343147277832,0.00021544346900318823,0.19190920889377594,-3.5625531673431396,-89.90396118164062,8324
993,178000,132.41,179,301.99493622,2440,10.08984375,0.00021544346900318823,0.1893271505832672,-3.4480671882629395,-90.13115692138672,8399
993,179080,132.43,180,302.95176089000006,2450,52.73590850830078,0.00021544346900318823,0.1874961256980896,-3.024435520172119,-90.48831939697266,8453
992,180620,132.36,181,303.14151933,2460,17.725351333618164,0.00021544346900318823,0.1849704086780548,-3.702181577682495,-90.51834869384766,8530
992,181520,131.65,182,302.88567978000003,2470,36.19016647338867,0.00021544346900318823,0.18351340293884277,-3.789630174636841,-91.22532653808594,8575
991,183080,131.28,184,301.08243147999997,2480,17.728878021240234,0.00021544346900318823,0.18096071481704712,-3.130446195602417,-88.09075164794922,8653
991,184080,130.48,185,298.31040733,2490,6.532295227050781,0.00021544346900318823,0.17945405840873718,-3.4910287857055664,-89.67106628417969,8703
990,185680,129.43,187,296.46023869000004,2500,67.4540023803711,0.00021544346900318823,0.176976278424263,-3.5552055835723877,-93.48347473144531,8783
990,186660,128.55,188,295.27734751,2510,20.68744468688965,0.00021544346900318823,0.17557959258556366,-3.2539055347442627,-93.1859130859375,8832
989,188180,128.01,190,296.38732868999995,2520,44.74456024169922,0.00021544346900318823,0.17333421111106873,-3.774125814437866,-92.7628173828125,8908
989,189260,127.46,191,297.82650382,2530,16.55535316467285,0.00021544346900318823,0.17167212069034576,-3.198655128479004,-93.02400207519531,8962
988,190700,127.27,192,298.5413486,2540,7.893379211425781,0.00021544346900318823,0.1695675104856491,-3.323901891708374,-96.10728454589844,9034
988,191860,126.93,194,299.70949625000003,2550,46.30559539794922,0.00021544346900318823,0.16787053644657135,-2.995084762573242,-92.69615173339844,9092
988,193260,126.6,195,300.54349550000006,2560,27.927671432495117,0.00021544346900318823,0.16578303277492523,-3.593510866165161,-97.05230712890625,9162
988,194480,126.83,196,303.56751376000005,2570,10.066122055053711,0.00021544346900318823,0.16392549872398376,-3.6240925788879395,-96.77645111083984,9223
988,195680,126.74,198,306.41232335,2580,4.851029872894287,0.00021544346900318823,0.16212011873722076,-3.0462188720703125,-95.96586608886719,9283
987,197080,126.81,199,310.98695700999997,2590,49.907569885253906,0.00021544346900318823,0.16011258959770203,-4.061994552612305,-97.00526428222656,9353
987,198220,127.2,200,312.82300971,2600,5.75447416305542,0.00021544346900318823,0.15852996706962585,-3.4905948638916016,-97.05503845214844,9410
987,199780,127.37,202,313.65873028,2610,46.35136795043945,0.00021544346900318823,0.15632249414920807,-3.2657694816589355,-94.70375061035156,9488
986,200900,128.26,203,312.61857915,2620,40.37247848510742,0.00021544346900318823,0.15473401546478271,-3.802065849304199,-97.65280151367188,9544
986,202500,128.07,205,311.04420593000003,2630,6.334386825561523,0.00021544346900318823,0.15240910649299622,-3.828237295150757,-99.69366455078125,9624
985,203440,128.83,206,313.00104317,2640,16.414295196533203,0.00021544346900318823,0.1510912925004959,-3.072376012802124,-98.9051742553711,9671
985,205200,129.15,208,313.56557382,2650,8.195545196533203,0.00021544346900318823,0.14880453050136566,-3.3752756118774414,-99.28025817871094,9759
984,206220,131.14,209,317.51193529,2660,13.374479293823242,0.00021544346900318823,0.14752060174942017,-3.2542176246643066,-96.47355651855469,9810
984,207780,132.76,211,321.63071813000005,2670,15.996478080749512,0.00021544346900318823,0.1454191654920578,-2.9802212715148926,-100.28083801269531,9888
983,208940,133.72,212,322.02077020999997,2680,8.04585075378418,0.00021544346900318823,0.14391499757766724,-3.1862940788269043,-98.17842864990234,9946
983,210460,134.47,214,324.32377842999995,2690,10.807754516601562,0.00021544346900318823,0.14198097586631775,-3.121945858001709,-102.34844970703125,10022
982,211700,135.01,215,325.49516169,2700,55.31957244873047,0.00021544346900318823,0.14040929079055786,-3.161424160003662,-102.04401397705078,10084
982,213840,136.56,217,329.01955807999997,2710,24.19809341430664,0.00021544346900318823,0.13769349455833435,-2.753431797027588,-99.40687561035156,10191
982,214300,137.96,218,335.49231495,2720,28.434444427490234,0.00021544346900318823,0.13713784515857697,-3.3383851051330566,-103.81480407714844,10214
982,216300,138.22,220,337.88220505,2730,7.990677833557129,0.00021544346900318823,0.13489475846290588,-3.206942081451416,-102.83927917480469,10314
981,216900,137.5,220,339.32961748,2740,9.187005996704102,0.00021544346900318823,0.1342163234949112,-2.7815463542938232,-103.98338317871094,10344
981,219080,137.28,223,339.04100611,2750,9.053451538085938,0.00021544346900318823,0.1317281275987625,-3.5593996047973633,-103.01611328125,10453
981,219380,135.63,223,336.0713992099999,2760,44.20777130126953,0.00021544346900318823,0.13138824701309204,-2.997627019882202,-103.09075927734375,10468
981,221640,133.98,225,331.73703731,2770,11.828400611877441,0.00021544346900318823,0.1288997381925583,-3.332866668701172,-105.12260437011719,10581
980,222160,134.02,226,330.99887516,2780,20.470619201660156,0.00021544346900318823,0.12823063135147095,-3.578057289123535,-107.37554931640625,10607
980,224180,134.26,228,329.2581526,2790,8.500642776489258,0.00021544346900318823,0.12589436769485474,-3.5844357013702393,-107.98619842529297,10708
980,224840,133.83,229,328.26367918999995,2800,27.725364685058594,0.00021544346900318823,0.12516318261623383,-3.756028413772583,-109.52900695800781,10741
979,226620,132.25,231,325.17677458000003,2810,9.247919082641602,0.00021544346900318823,0.12319788336753845,-2.9530770778656006,-107.45526123046875,10830
979,227320,130.24,232,320.5327932,2820,21.139482498168945,0.00021544346900318823,0.12250830233097076,-2.4938161373138428,-106.01100158691406,10865
979,229340,130.15,234,318.26860087,2830,11.88680648803711,0.00021544346900318823,0.1204325258731842,-3.5282158851623535,-106.37289428710938,10966
979,229820,129.83,234,316.4935177,2840,17.757911682128906,0.00021544346900318823,0.11990927904844284,-2.8308472633361816,-106.9685287475586,10990
978,232040,129.13,237,316.91633779000006,2850,111.46685028076172,0.00021544346900318823,0.11765091121196747,-1.5572177171707153,-107.19917297363281,11101
978,232280,128.76,237,317.48069476,2860,26.728919982910156,0.00021544346900318823,0.11744838953018188,-2.9544429779052734,-107.38226318359375,11113
977,234440,128.42,239,317.07612876,2870,5.93896484375,0.00021544346900318823,0.11546255648136139,-2.254077434539795,-105.75308990478516,11221
977,234720,126.97,240,317.50443922,2880,8.551036834716797,0.00021544346900318823,0.11524894088506699,-2.455824375152588,-108.4416275024414,11235
976,236840,126.36,242,317.28649397000004,2890,12.709983825683594,0.00021544346900318823,0.11318489164113998,-2.7499938011169434,-108.22537231445312,11341
976,237560,126.61,243,316.69963473,2900,7.710631370544434,0.00021544346900318823,0.1125388965010643,-3.2019524574279785,-110.34306335449219,11377
975,239380,126.16,245,319.74385891,2910,8.372888565063477,0.00021544346900318823,0.1107977107167244,-2.6518306732177734,-111.0121078491211,11468
975,240120,125.83,246,320.19504211000003,2920,9.931057929992676,0.00021544346900318823,0.11019006371498108,-3.0294220447540283,-110.88404846191406,11505
975,241820,125.28,248,322.51316069,2930,18.937931060791016,0.00021544346900318823,0.10854081809520721,-1.9446656703948975,-110.98990631103516,11590
974,242660,125.61,248,324.02549173,2940,9.960691452026367,0.00021544346900318823,0.1077841967344284,-3.0849175453186035,-111.77838897705078,11632
974,244320,126.29,250,326.66042735999997,2950,6.901116371154785,0.00021544346900318823,0.10627720504999161,-3.317039966583252,-116.90396118164062,11715
974,245200,126.06,251,327.32549817,2960,36.462337493896484,0.00021544346900318823,0.10555221885442734,-2.0658159255981445,-109.95930480957031,11759
974,246740,125.87,253,328.68221242,2970,40.023101806640625,0.00021544346900318823,0.10420079529285431,-2.5462329387664795,-111.39217376708984,11836
974,247780,126.49,254,330.38256926,2980,40.930885314941406,0.00021544346900318823,0.10320758074522018,-1.9869145154953003,-111.41305541992188,11888
973,249400,126.48,256,332.87827996,2990,16.660114288330078,0.00021544346900318823,0.10197976231575012,-1.698702335357666,-110.65853881835938,11969
973,250120,125.6,256,334.69862155999994,3000,11.37291145324707,0.00021544346900318823,0.10142306238412857,-2.8767480850219727,-112.71871185302734,12005
973,251820,125.78,258,334.90414006,3010,72.56012725830078,0.00021544346900318823,0.10008524358272552,-1.9322102069854736,-112.19859313964844,12090
972,252560,125.63,259,334.50678060999996,3020,6.817103385925293,0.00021544346900318823,0.09948790073394775,-1.2554885149002075,-108.11985778808594,12127
972,254400,126.29,261,335.44121695,3030,54.15834045410156,0.00021544346900318823,0.09815312176942825,-1.4675036668777466,-110.87458038330078,12219
972,255220,126.44,262,336.06064196999995,3040,9.002571105957031,0.00021544346900318823,0.09759873896837234,-1.9266921281814575,-116.06126403808594,12260
972,256820,126.17,264,335.2938179,3050,13.096519470214844,0.00021544346900318823,0.09649728238582611,-2.0969090461730957,-112.24698638916016,12340
972,257660,126.46,265,336.30901308,3060,48.48403549194336,0.00021544346900318823,0.0959472730755806,-3.0470142364501953,-114.45416259765625,12382
971,259360,126.44,266,336.43263197,3070,52.2640380859375,0.00021544346900318823,0.09471110254526138,-0.3846132457256317,-114.80796813964844,12467
971,260140,126.45,267,336.84284542999995,3080,10.258064270019531,0.00021544346900318823,0.09422533214092255,-1.2074172496795654,-112.30534362792969,12506
970,261820,125.78,269,335.41553471,3090,10.973254203796387,0.00021544346900318823,0.093193419277668,-2.329702854156494,-118.15794372558594,12590
970,262660,125.84,270,336.54468729000007,3100,40.324806213378906,0.00021544346900318823,0.0925561860203743,-1.5826921463012695,-115.75820922851562,12632
970,264300,125.86,272,336.72150845000004,3110,10.054085731506348,0.00021544346900318823,0.09159577637910843,-3.1897730827331543,-118.17578125,12714
970,265280,125.96,273,338.79832780000004,3120,15.437665939331055,0.00021544346900318823,0.09100953489542007,-1.0638841390609741,-113.83123779296875,12763
970,266840,125.3,275,339.11247967,3130,23.638023376464844,0.00021544346900318823,0.09027526527643204,-0.4378546476364136,-117.50609588623047,12841
970,267640,124.88,275,338.06190798999995,3140,13.861835479736328,0.00021544346900318823,0.08996815979480743,-0.7783210277557373,-117.78142547607422,12881
969,269360,124.57,277,336.9058130899999,3150,6.588375091552734,0.00021544346900318823,0.08930555731058121,-0.7811166644096375,-118.25456237792969,12967
969,270120,124.83,278,337.3436967399999,3160,110.6646728515625,0.00021544346900318823,0.08891859650611877,1.2677234411239624,-117.510009765625,13005
969,271940,124.56,280,336.36620068999997,3170,56.10948181152344,0.00021544346900318823,0.0883755311369896,-1.1656339168548584,-113.6950454711914,13096
969,272540,124.32,281,336.62704133,3180,64.84158325195312,0.00021544346900318823,0.08805173635482788,-1.5007210969924927,-116.44068908691406,13126
969,274460,125.12,283,337.83355258000006,3190,48.41107177734375,0.00021544346900318823,0.08722863346338272,-0.5141667127609253,-123.45510864257812,13222
969,275140,125.43,283,339.0148264999999,3200,33.17427444458008,0.00021544346900318823,0.08698542416095734,-1.4952383041381836,-122.20245361328125,13256
968,277000,125.49,285,339.96389677,3210,44.672096252441406,0.00021544346900318823,0.08594059944152832,-0.4828709363937378,-121.06756591796875,13349
968,277680,125.59,286,340.25891694999996,3220,7.4185791015625,0.00021544346900318823,0.08567635715007782,-1.165302038192749,-124.43437194824219,13383
968,279580,126.45,288,342.94294680999997,3230,60.75810241699219,0.00021544346900318823,0.08487504720687866,-0.7515162229537964,-121.0323715209961,13478
968,280300,127.16,289,347.16178449,3240,79.35649108886719,0.00021544346900318823,0.0844268798828125,-0.47856274247169495,-118.85350036621094,13514
968,282180,127.92,291,350.87746261,3250,26.34404182434082,0.00021544346900318823,0.08369998633861542,-0.7655214667320251,-124.93864440917969,13608
967,282860,127.88,292,352.2837085999999,3260,62.42078399658203,0.00021544346900318823,0.08350616693496704,-0.8563253879547119,-123.7626953125,13642
967,284840,128.67,294,356.05002545,3270,9.723821640014648,0.00021544346900318823,0.08265244215726852,-1.2740676403045654,-121.64607238769531,13741
967,285580,129.55,295,359.60426089,3280,8.923734664916992,0.00021544346900318823,0.08238238096237183,-1.2727584838867188,-123.6971206665039,13778
967,287440,129.58,297,361.50720002,3290,62.20762634277344,0.00021544346900318823,0.08169142156839371,0.7795056700706482,-123.03755187988281,13871
967,288140,129.72,297,361.81920196999994,3300,24.77761459350586,0.00021544346900318823,0.08167597651481628,-1.1798502206802368,-122.80353546142578,13906
966,289840,129.59,299,361.07231637000007,3310,12.150527954101562,0.00021544346900318823,0.0813126191496849,1.176626443862915,-122.38141632080078,13991
966,290700,129.43,300,360.24068705999997,3320,73.3013916015625,0.00021544346900318823,0.08119180053472519,0.2842867374420166,-124.93238830566406,14034
966,292360,129.01,302,358.55211419000005,3330,5.2653021812438965,0.00021544346900318823,0.08095916360616684,-0.6335248947143555,-128.13137817382812,14117
966,293160,128.51,303,355.7446500299999,3340,7.648122787475586,0.00021544346900318823,0.0808962881565094,-0.381697416305542,-130.15859985351562,14157
966,294820,127.59,305,351.69172209,3350,56.0257682800293,0.00021544346900318823,0.080579474568367,0.9485673904418945,-127.46549987792969,14240
966,295640,127.11,305,349.15311120000007,3360,139.3505859375,0.00021544346900318823,0.08059035241603851,0.37864792346954346,-124.4520034790039,14281
966,297320,126.91,307,347.62814554,3370,21.494550704956055,0.00021544346900318823,0.08026126772165298,0.6746525764465332,-133.57943725585938,14365
966,298180,126.09,308,344.23454710999994,3380,24.009933471679688,0.00021544346900318823,0.08032336831092834,0.5517824292182922,-126.75930786132812,14408
965,299740,125.32,310,340.33149541000006,3390,10.769889831542969,0.00021544346900318823,0.08065803349018097,-1.5805995464324951,-128.68699645996094,14486
965,300700,124.99,311,338.21833197,3400,8.411201477050781,0.00021544346900318823,0.08062813431024551,-0.461390882730484,-126.92545318603516,14534
965,302140,124.85,312,336.79833287,3410,25.016027450561523,0.00021544346900318823,0.08085658401250839,0.20418772101402283,-127.84748077392578,14606
965,303140,124.58,314,334.42080808,3420,10.543317794799805,0.00021544346900318823,0.08109968900680542,-0.26500266790390015,-128.48760986328125,14656
965,304600,124.04,315,331.75455877,3430,11.14024543762207,0.00021544346900318823,0.08107126504182816,1.2251391410827637,-128.12110900878906,14729
964,305680,123.93,316,330.00945329,3440,68.47286987304688,0.00021544346900318823,0.08136265724897385,0.006752490997314453,-129.76058959960938,14783
964,307120,124.38,318,330.16258321000004,3450,55.12796401977539,0.00021544346900318823,0.08126277476549149,-0.9730460047721863,-132.53018188476562,14855
964,308240,124.93,319,331.77104011999995,3460,10.584497451782227,0.00021544346900318823,0.08095616847276688,0.6456926465034485,-133.353515625,14911
963,309700,125.16,321,331.83744977000003,3470,45.61198806762695,0.00021544346900318823,0.08079372346401215,-0.08626532554626465,-123.69807434082031,14984
963,310780,125.3,322,331.37654334,3480,9.6568603515625,0.00021544346900318823,0.08071088045835495,0.8210747241973877,-133.53201293945312,15038
962,312220,125.6,324,331.79927347999995,3490,12.484006881713867,0.00021544346900318823,0.08039823174476624,-0.491008460521698,-132.62103271484375,15110
962,313280,125.68,325,331.14945741,3500,43.221500396728516,0.00021544346900318823,0.08033512532711029,0.6020466685295105,-131.02554321289062,15163
962,314660,125.56,327,330.22750952,3510,75.57403564453125,0.00021544346900318823,0.08004265278577805,-0.6013563871383667,-131.6697998046875,15232
961,315720,125.59,328,329.91872629,3520,5.774235725402832,0.00021544346900318823,0.07986409962177277,-1.3052643537521362,-136.55665588378906,15285
961,317100,125.78,329,329.77958545,3530,7.8797688484191895,0.00021544346900318823,0.07953104376792908,0.41953182220458984,-128.8353729248047,15354
961,318220,125.84,330,329.71653804999994,3540,8.670890808105469,0.00021544346900318823,0.07931751757860184,-0.27430424094200134,-134.48281860351562,15410
961,319640,126.04,332,330.09817724,3550,42.79113006591797,0.00021544346900318823,0.07924049347639084,0.3812571167945862,-128.98629760742188,15481
961,320800,126.17,333,330.36460622000004,3560,15.770530700683594,0.00021544346900318823,0.07951219379901886,-1.262008786201477,-136.6387939453125,15539
960,322200,126.21,335,330.40060975,3570,5.760351657867432,0.00021544346900318823,0.07938738167285919,-0.9299312829971313,-136.10415649414062,15609
960,323380,126.36,336,330.59014859999996,3580,7.079354763031006,0.00021544346900318823,0.07954076677560806,-0.27185600996017456,-136.12979125976562,15668
960,324760,126.45,338,330.54619643999996,3590,8.908814430236816,0.00021544346900318823,0.07956578582525253,0.8326743841171265,-133.693603515625,15737
960,326000,126.92,339,332.14606096999995,3600,20.14431381225586,0.00021544346900318823,0.07967106252908707,0.8591826558113098,-130.78704833984375,15799
959,327380,127.44,341,333.81682820000003,3610,18.08245849609375,0.00021544346900318823,0.07940635085105896,0.774456262588501,-134.72007751464844,15868
959,328520,128.02,342,335.54003292,3620,12.063322067260742,0.00021544346900318823,0.07958119362592697,0.6152363419532776,-133.84124755859375,15925
959,329920,128.33,343,336.23208103999997,3630,35.250755310058594,0.00021544346900318823,0.07964736223220825,0.5971449613571167,-134.34271240234375,15995
959,331140,128.52,345,336.88549138999997,3640,35.02779769897461,0.00021544346900318823,0.07982151210308075,-0.34593483805656433,-141.05250549316406,16056
958,332500,128.66,346,337.33070738000004,3650,38.037353515625,0.00021544346900318823,0.07977999746799469,0.7606115937232971,-135.51177978515625,16124
958,333800,128.96,348,337.32694131000005,3660,10.108785629272461,0.00021544346900318823,0.07995086163282394,0.5309206247329712,-136.20974731445312,16189
958,335200,129.35,349,338.05606101000006,3670,56.82994079589844,0.00021544346900318823,0.08018896728754044,1.5129590034484863,-133.4227294921875,16259
958,336380,129.72,350,339.09508926,3680,45.79939270019531,0.00021544346900318823,0.08034257590770721,0.15407508611679077,-138.71353149414062,16318
958,337840,130.15,352,340.75074552999996,3690,64.72114562988281,0.00021544346900318823,0.08064505457878113,-0.18691712617874146,-138.24130249023438,16391
958,339020,130.13,353,340.92346196,3700,12.12838077545166,0.00021544346900318823,0.08100297302007675,1.4007072448730469,-132.09219360351562,16450
958,340440,130.2,355,341.29241502,3710,7.233981132507324,0.00021544346900318823,0.08104755729436874,0.17031538486480713,-134.13912963867188,16521
958,341780,130.77,356,343.1031206699999,3720,12.08045768737793,0.00021544346900318823,0.08139552175998688,0.5674218535423279,-137.59930419921875,16588
958,343180,131.58,358,345.66044114,3730,21.155616760253906,0.00021544346900318823,0.0813542902469635,0.3794787526130676,-138.76011657714844,16658
957,344420,132.25,359,347.93850525,3740,41.989776611328125,0.00021544346900318823,0.0815693587064743,-0.6083487272262573,-140.63389587402344,16720
957,345860,132.65,361,349.49751588000004,3750,15.331933975219727,0.00021544346900318823,0.08181419968605042,-0.012264668941497803,-139.75482177734375,16792
957,347180,133.07,362,351.46382778,3760,9.261072158813477,0.00021544346900318823,0.08207562565803528,-0.6091940402984619,-138.82192993164062,16858
957,348580,133.34,364,351.52294136999996,3770,12.564482688903809,0.00021544346900318823,0.08216087520122528,1.6951231956481934,-138.0431365966797,16928
956,349920,133.81,365,353.3519908,3780,12.221769332885742,0.00021544346900318823,0.08256407082080841,-0.09699717164039612,-139.14801025390625,16995
956,351300,134.22,367,354.9399478800001,3790,5.41549015045166,0.00021544346900318823,0.08283434808254242,-0.18766292929649353,-144.52090454101562,17064
956,352620,134.53,368,355.81395269,3800,15.533147811889648,0.00021544346900318823,0.08335808664560318,-0.20886170864105225,-141.96450805664062,17130
956,354040,135.16,370,357.5402748699999,3810,7.214783668518066,0.00021544346900318823,0.0832168236374855,-0.08935670554637909,-140.9493865966797,17201
956,355300,135.8,371,359.69217749999996,3820,7.376259803771973,0.00021544346900318823,0.08354842662811279,-0.0465698167681694,-141.1838836669922,17264
956,356700,135.73,373,360.18098254000006,3830,14.016741752624512,0.00021544346900318823,0.0834779366850853,0.1711636781692505,-145.2744598388672,17334
955,358060,135.9,374,360.61051268000006,3840,8.145698547363281,0.00021544346900318823,0.08349264413118362,-0.820809543132782,-146.2316131591797,17402
955,358780,132.07,375,349.1766899299999,3850,9.31521224975586,0.00021544346900318823,0.08352842926979065,0.22209064662456512,-141.60079956054688,17438
955,360360,131.16,376,345.78853252,3860,11.842211723327637,0.00021544346900318823,0.08355816453695297,-0.9151229858398438,-141.28582763671875,17517
955,361420,130.81,378,345.26381742000007,3870,95.27835083007812,0.00021544346900318823,0.08367443084716797,-0.2343059778213501,-140.5048065185547,17570
955,363040,130.59,379,344.34744027,3880,84.2352294921875,0.00021544346900318823,0.08355316519737244,0.2093450427055359,-142.0809783935547,17651
955,364280,130.95,381,345.76236754999996,3890,9.179668426513672,0.00021544346900318823,0.0837068185210228,0.6524875164031982,-143.84353637695312,17713
955,365880,131.15,382,347.74861491999997,3900,10.280069351196289,0.00021544346900318823,0.08419451117515564,1.143765926361084,-137.5091552734375,17793
955,367080,131.45,384,349.51039755,3910,20.047523498535156,0.00021544346900318823,0.08420843631029129,0.36311888694763184,-146.59939575195312,17853
955,368680,131.37,385,350.04026538000005,3920,25.94499969482422,0.00021544346900318823,0.0833495482802391,0.11611132323741913,-147.76275634765625,17933
955,369860,131.72,387,352.70029283,3930,45.53185272216797,0.00021544346900318823,0.08258704096078873,-0.09842454642057419,-148.2000732421875,17992
955,371500,132.01,388,355.45648927,3940,7.4950408935546875,0.00021544346900318823,0.08202259242534637,0.5055962204933167,-143.27288818359375,18074
955,372580,136.32,390,370.44436028,3950,10.734928131103516,0.00021544346900318823,0.081728495657444,0.733869731426239,-144.84608459472656,18128
955,374260,137.19,391,375.5870254100001,3960,11.82096004486084,0.00021544346900318823,0.08132964372634888,-0.0639629065990448,-147.849365234375,18212
955,375400,137.99,393,380.99049626,3970,10.429553031921387,0.00021544346900318823,0.08132369071245193,0.7534606456756592,-146.50054931640625,18269
954,377060,138.46,394,385.10922231999996,3980,50.589839935302734,0.00021544346900318823,0.08081497251987457,0.41723698377609253,-151.52157592773438,18352
954,378240,138.61,396,388.17571804000016,3990,7.226019859313965,0.00021544346900318823,0.0804862380027771,1.0165940523147583,-144.5634002685547,18411
955,379920,139.08,397,390.86777152999997,4000,7.464734077453613,0.00021544346900318823,0.08022300153970718,0.6728136539459229,-151.97669982910156,18495
955,381020,139.32,398,394.00095816,4010,39.40774154663086,0.00021544346900318823,0.08001644164323807,-0.21904563903808594,-147.4833984375,18550
954,382800,139.63,400,397.11306060000004,4020,17.68351173400879,0.00021544346900318823,0.07961838692426682,0.4839964807033539,-145.55543518066406,18639
954,383900,140.07,402,399.59257012,4030,7.402358055114746,0.00021544346900318823,0.07959169894456863,-1.3575328588485718,-151.3446044921875,18694
953,385580,140.42,404,401.78237246000003,4040,77.69049835205078,0.00021544346900318823,0.07903619110584259,0.47955214977264404,-150.60394287109375,18778
953,386680,140.68,405,403.44983801,4050,5.726304054260254,0.00021544346900318823,0.07863125950098038,-1.2311373949050903,-145.71011352539062,18833
953,388500,141.28,407,406.0260558899999,4060,8.164799690246582,0.00021544346900318823,0.07842426747083664,-0.26942652463912964,-149.419677734375,18924
953,389640,141.76,408,407.97932376000006,4070,9.517727851867676,0.00021544346900318823,0.07806192338466644,-0.34128648042678833,-146.44290161132812,18981
953,391400,142.19,410,410.22241102999993,4080,12.948142051696777,0.00021544346900318823,0.07790151983499527,1.238408088684082,-150.8280029296875,19069
952,392440,142.41,411,411.2071646199999,4090,91.26065063476562,0.00021544346900318823,0.07787080854177475,-0.130706787109375,-145.9210205078125,19121
952,394200,142.5,413,411.8710162,4100,8.41451358795166,0.00021544346900318823,0.0777314081788063,-0.9648356437683105,-148.26992797851562,19209
951,395400,142.81,415,413.02246345,4110,10.158729553222656,0.00021544346900318823,0.07769085466861725,0.5952274799346924,-146.8569793701172,19269
951,397160,142.91,417,413.86899952,4120,7.976077079772949,0.00021544346900318823,0.07749824970960617,-0.106437548995018,-152.2855682373047,19357
951,398240,142.84,418,414.42109387000005,4130,9.902746200561523,0.00021544346900318823,0.07756149023771286,0.15597325563430786,-144.7799530029297,19411
950,400000,143.16,421,415.42935339,4140,129.68255615234375,0.00021544346900318823,0.07693205028772354,0.8342039585113525,-148.047607421875,19499
949,401160,143.25,422,416.26790811,4150,29.62169075012207,0.00021544346900318823,0.07674413174390793,0.906681478023529,-141.9547119140625,19557
949,402880,143.27,424,416.65885290000006,4160,12.49728012084961,0.00021544346900318823,0.077003613114357,0.3298790454864502,-149.461669921875,19643
949,404040,143.2,425,416.80320082,4170,11.586897850036621,0.00021544346900318823,0.07728826999664307,0.36453938484191895,-149.36624145507812,19701
949,405700,142.99,427,416.14624669999995,4180,41.2756462097168,0.00021544346900318823,0.07737109065055847,1.163613200187683,-151.0158233642578,19784
949,406840,143.02,428,416.6136005,4190,18.41787338256836,0.00021544346900318823,0.07771621644496918,1.6820142269134521,-150.67388916015625,19841
948,408460,143.01,430,416.6060468299999,4200,19.229978561401367,0.00021544346900318823,0.07808032631874084,0.5395542979240417,-146.86585998535156,19922
948,409680,142.84,431,415.96625408,4210,18.991689682006836,0.00021544346900318823,0.07833311706781387,0.09924577176570892,-148.80032348632812,19983
948,411320,143.12,433,416.6938751500001,4220,30.95199966430664,0.00021544346900318823,0.07833778113126755,-1.4761238098144531,-151.30844116210938,20065
948,412600,143.48,435,416.92374188,4230,12.403074264526367,0.00021544346900318823,0.07865867763757706,1.2780348062515259,-151.79771423339844,20129
948,414540,144.21,437,418.49541144999995,4240,30.428558349609375,0.00021544346900318823,0.07948736846446991,-0.14316591620445251,-149.9647216796875,20226
948,416060,146.89,438,427.25819276000004,4250,6.851689338684082,0.00021544346900318823,0.0796893984079361,-0.32014718651771545,-154.40658569335938,20302
948,418080,148.9,440,431.9625990799999,4260,50.019775390625,0.00021544346900318823,0.08052962273359299,0.3903895616531372,-152.52496337890625,20403
948,419340,151.49,442,438.68094167,4270,9.988716125488281,0.00021544346900318823,0.08068600296974182,-0.5096884965896606,-154.32876586914062,20466
947,421180,153.8,444,444.20361415,4280,11.556926727294922,0.00021544346900318823,0.0813976600766182,-0.2797468602657318,-149.75241088867188,20558
947,422760,156.36,445,450.15522552000004,4290,9.92874813079834,0.00021544346900318823,0.0820721834897995,0.4710901081562042,-157.4077911376953,20637
947,424480,158.37,447,453.48163962000007,4300,8.902795791625977,0.00021544346900318823,0.08272309601306915,-0.5964089632034302,-154.59210205078125,20723
947,425880,160.07,449,456.33885781,4310,17.51833724975586,0.00021544346900318823,0.08286573737859726,1.0052717924118042,-149.98977661132812,20793
947,427860,161.74,451,459.4066705399999,4320,12.147417068481445,0.00021544346900318823,0.08300682157278061,-0.7149778604507446,-151.422119140625,20892
947,429040,162.85,452,460.28240096999997,4330,9.952911376953125,0.00021544346900318823,0.08287893235683441,0.2771480679512024,-155.21090698242188,20951
947,430820,163.91,454,461.06840571999993,4340,13.278223037719727,0.00021544346900318823,0.08334262669086456,-0.8528245687484741,-150.60337829589844,21040
947,431980,162.22,456,451.18017374000004,4350,13.563217163085938,0.00021544346900318823,0.08307021111249924,0.5974540114402771,-154.85426330566406,21098
947,433900,160.88,458,444.76864496,4360,9.211957931518555,0.00021544346900318823,0.08353506028652191,-0.7390657663345337,-156.20523071289062,21194
947,435060,159.35,459,437.19119100999995,4370,30.469470977783203,0.00021544346900318823,0.08377587795257568,1.1195873022079468,-148.15603637695312,21252
946,436900,158.54,461,432.54981466999993,4380,13.174663543701172,0.00021544346900318823,0.0841965526342392,0.26891425251960754,-158.7738494873047,21344
947,438200,156.93,462,425.06398020999995,4390,10.914863586425781,0.00021544346900318823,0.0840318500995636,-0.4789840281009674,-155.16195678710938,21409
946,440260,156.66,464,423.32137604,4400,52.50407409667969,0.00021544346900318823,0.08378038555383682,-0.6205544471740723,-158.6066131591797,21512
946,441200,155.97,465,419.6249632199999,4410,18.127553939819336,0.00021544346900318823,0.0832751989364624,-0.42710086703300476,-154.99880981445312,21559
947,443280,154.87,468,413.60106465999996,4420,11.619595527648926,0.00021544346900318823,0.08322765678167343,0.7706543207168579,-160.26559448242188,21663
947,444500,156.18,469,418.4323124499999,4430,7.854851722717285,0.00021544346900318823,0.08280441910028458,-0.43431952595710754,-153.53114318847656,21724
946,446500,156.46,471,419.50554602999995,4440,9.645696640014648,0.00021544346900318823,0.08202521502971649,-0.6793517470359802,-155.81602478027344,21824
946,447760,156.63,472,419.55873058,4450,13.528535842895508,0.00021544346900318823,0.08153202384710312,-0.256442666053772,-156.52947998046875,21887
946,449500,158.42,474,425.42627093999994,4460,35.82231140136719,0.00021544346900318823,0.0813349187374115,1.2077327966690063,-159.28094482421875,21974
946,450880,158.29,476,423.91026422000004,4470,45.95671844482422,0.00021544346900318823,0.08068448305130005,0.7066625356674194,-160.6651611328125,22043
946,452380,158.51,477,425.59575695000007,4480,13.919046401977539,0.00021544346900318823,0.08058018982410431,0.29075923562049866,-157.61502075195312,22118
946,453940,158.3,479,424.85368283,4490,68.7965087890625,0.00021544346900318823,0.08091827481985092,1.0214290618896484,-157.65805053710938,22196
946,455560,158.05,481,424.31628867000006,4500,18.274641036987305,0.00021544346900318823,0.08252821117639542,0.32336291670799255,-155.053466796875,22277
946,456880,157.74,482,424.7474690899999,4510,113.04487609863281,0.00021544346900318823,0.08247111737728119,-0.14986619353294373,-154.78240966796875,22343
946,458520,156.87,484,423.10096066,4520,11.573190689086914,0.00021544346900318823,0.08296585083007812,0.679570734500885,-159.70130920410156,22425
945,460040,153.92,486,412.42394622000006,4530,18.299949645996094,0.00021544346900318823,0.0834883525967598,1.0344058275222778,-163.97439575195312,22501
945,461660,152.06,488,407.1202910200001,4540,14.943065643310547,0.00021544346900318823,0.08427765220403671,-1.1079298257827759,-165.60308837890625,22582
945,462640,150.42,489,402.6168487,4550,15.141910552978516,0.00021544346900318823,0.08429871499538422,0.2478059083223343,-158.76028442382812,22631
945,464500,147.95,491,394.22618977999997,4560,41.359275817871094,0.00021544346900318823,0.08457822352647781,0.11923675239086151,-156.58663940429688,22724
945,465560,147.23,492,392.65172004,4570,18.696338653564453,0.00021544346900318823,0.08474694937467575,0.4089033007621765,-158.66763305664062,22777
945,467420,146.14,494,388.51503024000004,4580,8.02389907836914,0.00021544346900318823,0.08536244183778763,1.5703939199447632,-161.20309448242188,22870
945,468480,145.29,495,386.1221276999999,4590,8.916887283325195,0.00021544346900318823,0.08583227545022964,0.3140221834182739,-157.77915954589844,22923
945,470460,143.44,497,379.55760371,4600,130.50546264648438,0.00021544346900318823,0.0867697149515152,0.7196933031082153,-157.53236389160156,23022
945,471160,142.51,498,376.04771274,4610,6.183915615081787,0.00021544346900318823,0.08679961413145065,-0.7747030854225159,-161.76626586914062,23057
945,473520,142.5,500,375.09243074000005,4620,10.268682479858398,0.00021544346900318823,0.08650229126214981,-0.21237370371818542,-160.006103515625,23175
945,474180,142.91,501,376.1881531899999,4630,15.717056274414062,0.00021544346900318823,0.08625014126300812,-0.23803606629371643,-161.595947265625,23208
945,476260,143.35,503,376.40854111,4640,14.486330032348633,0.00021544346900318823,0.08569031208753586,-0.34647560119628906,-164.77151489257812,23312
944,477280,144.6,505,382.3755527199999,4650,79.07772827148438,0.00021544346900318823,0.08539281040430069,0.2209835946559906,-167.60244750976562,23363
944,479440,145.46,507,386.87107806,4660,15.557416915893555,0.00021544346900318823,0.08502936363220215,0.14065276086330414,-155.82595825195312,23471
944,480500,145.8,508,387.83050088000005,4670,11.051797866821289,0.00021544346900318823,0.08487039059400558,-0.6523674726486206,-161.977294921875,23524
944,482140,146.2,510,389.3081833299999,4680,147.82095336914062,0.00021544346900318823,0.08519291877746582,0.5937047004699707,-159.04782104492188,23606
944,483280,146.3,511,390.2422609999999,4690,12.004703521728516,0.00021544346900318823,0.08558591455221176,0.046304523944854736,-163.14891052246094,23663
944,484900,146.94,513,392.53438162,4700,8.80225944519043,0.00021544346900318823,0.08532915264368057,-0.8013703227043152,-156.46669006347656,23744
944,486400,148.44,515,397.59478768,4710,80.2078857421875,0.00021544346900318823,0.08517192304134369,1.1127923727035522,-163.6394500732422,23819
944,487780,149.09,516,400.6306457699999,4720,27.290409088134766,0.00021544346900318823,0.08594699203968048,1.2223563194274902,-157.7302703857422,23888
944,489320,148.88,518,400.14128307000004,4730,12.133230209350586,0.00021544346900318823,0.08595544844865799,-0.16697251796722412,-162.38165283203125,23965
944,490620,148.65,519,399.51024148,4740,20.240150451660156,0.00021544346900318823,0.08531573414802551,0.659827470779419,-163.2457275390625,24030
943,492280,147.72,521,394.71609740999986,4750,6.671442985534668,0.00021544346900318823,0.08503536134958267,-0.44351673126220703,-163.58322143554688,24113
944,493700,147.69,522,393.7933824,4760,12.064271926879883,0.00021544346900318823,0.08408355712890625,-0.466794490814209,-163.51495361328125,24184
943,495100,146.84,524,392.19978566000003,4770,63.961849212646484,0.00021544346900318823,0.08324269950389862,0.41170167922973633,-167.00067138671875,24254
943,496440,146.2,525,390.21850563,4780,10.074085235595703,0.00021544346900318823,0.08332516252994537,0.8942810893058777,-165.77206420898438,24321
943,497920,147.31,527,394.15198854000005,4790,6.472166061401367,0.00021544346900318823,0.08356854319572449,-1.4879281520843506,-161.34283447265625,24395
943,499280,147.62,528,396.66720293,4800,15.086577415466309,0.00021544346900318823,0.08306700736284256,0.2301672399044037,-164.09857177734375,24463
