time/total_timesteps,rollout/ep_len_mean,time/episodes,rollout/ep_rew_mean,time/fps,time/time_elapsed,train/actor_loss,train/critic_loss,train/n_updates,train/ent_coef_loss,train/learning_rate,train/ent_coef
380,14.0,10,10.882354,4179,0,,,,,,
600,18.476190476190474,20,13.917411,4457,0,,,,,,
720,18.903225806451612,30,14.709365,4377,0,,,,,,
980,18.55,40,14.59494,4464,0,,,,,,
1200,18.980392156862745,50,14.375117,4295,0,,,,,,
1380,19.216666666666665,60,14.703059,4381,0,,,,,,
1600,18.830985915492956,70,14.43406,4445,0,,,,,,
1780,19.22222222222222,80,15.242391,4229,0,,,,,,
2020,19.68888888888889,90,15.39315,4212,0,,,,,,
2220,19.51,100,15.109806,4256,0,,,,,,
2420,20.38,110,15.929834,4294,0,,,,,,
2640,20.58,120,16.833973,4387,0,,,,,,
2800,20.46,130,16.485365,4391,0,,,,,,
3040,20.3,140,16.082378,4440,0,,,,,,
3260,21.0,150,17.739874,4470,0,,,,,,
3480,20.84,160,17.598448,4468,0,,,,,,
3680,21.45,170,17.845005,4475,0,,,,,,
3900,21.33,180,17.541529,4472,0,,,,,,
4160,20.71,190,17.241663,4491,0,,,,,,
4320,20.77,200,17.40508,4520,0,,,,,,
4600,20.23,210,16.788525,4558,1,,,,,,
4740,20.1,220,16.490124,4537,1,,,,,,
4960,20.98,230,17.549397,4502,1,,,,,,
5160,21.14,240,17.866022,4505,1,,,,,,
5460,20.72,250,16.900007,4585,1,,,,,,
5580,21.15,260,17.80557,4591,1,,,,,,
5860,21.21,270,18.334913,4653,1,,,,,,
5980,21.65,280,18.893574,4646,1,,,,,,
6300,22.11,290,19.597202,4628,1,,,,,,
6540,22.1,300,19.784609,4614,1,,,,,,
6700,22.92,310,20.549097,4602,1,,,,,,
6900,23.31,320,20.488523,4604,1,,,,,,
7160,21.87,330,18.550299,4594,1,,,,,,
7340,22.15,340,19.037813,4365,1,,,,,,
7560,21.92,350,18.793314,4305,1,,,,,,
7680,21.37,360,17.466906,4295,1,,,,,,
7940,20.8,370,16.38731,4329,1,,,,,,
8160,20.28,380,15.611231,4323,1,,,,,,
8400,20.23,390,15.830744,4323,1,,,,,,
8540,20.37,400,15.81452,4323,1,,,,,,
8820,20.15,410,15.947532,4345,2,,,,,,
8980,20.12,420,16.142471,4352,2,,,,,,
9180,19.9,430,15.920282,4366,2,,,,,,
9400,19.83,440,16.04434,4388,2,,,,,,
9540,19.38,450,15.307856,4384,2,,,,,,
9740,19.7,460,15.899376,4397,2,,,,,,
9980,20.54,470,17.84484,4375,2,,,,,,
10200,20.78,480,18.288433,4000,2,-2.097893714904785,7.364449501037598,9,-0.0008523829746991396,2.1544346900318823e-05,0.9998276233673096
10420,21.23,490,18.281374,3718,2,-2.2010531425476074,7.679244041442871,20,-0.0020397668704390526,2.1544346900318823e-05,0.9995903372764587
10720,20.81,500,17.522673,3436,3,-2.2689857482910156,6.9108195304870605,35,-0.0036496631801128387,2.1544346900318823e-05,0.9992664456367493
10980,21.65,510,17.841663,3213,3,-2.3946542739868164,7.0109686851501465,48,-0.005090333055704832,2.1544346900318823e-05,0.9989854693412781
11180,21.48,520,17.603275,3072,3,-2.4756622314453125,6.467311382293701,58,-0.006177820265293121,2.1544346900318823e-05,0.9987691044807434
11420,22.15,530,18.358288,2931,3,-2.593069553375244,5.886927604675293,70,-0.007564118131995201,2.1544346900318823e-05,0.9985093474388123
11640,22.61,540,18.262756,2820,4,-2.630979299545288,5.839878082275391,81,-0.00872231274843216,2.1544346900318823e-05,0.9982715249061584
11820,23.62,550,19.632042,2704,4,-2.6175894737243652,5.713893890380859,90,-0.009617536328732967,2.1544346900318823e-05,0.998076856136322
12020,23.24,560,19.418753,2618,4,-2.7501118183135986,5.673755168914795,100,-0.010767190717160702,2.1544346900318823e-05,0.9978609681129456
12240,22.85,570,17.793945,2520,4,-2.8508806228637695,5.2888336181640625,111,-0.011994545347988605,2.1544346900318823e-05,0.9976232647895813
12460,22.9,580,17.76079,2427,5,-2.9137063026428223,4.966283321380615,122,-0.013145312666893005,2.1544346900318823e-05,0.9973855018615723
12680,22.76,590,18.01877,2335,5,-2.996041774749756,4.816850662231445,133,-0.014382028952240944,2.1544346900318823e-05,0.9971480369567871
12900,22.46,600,17.52432,2258,5,-3.013913631439209,4.879779815673828,144,-0.015582799911499023,2.1544346900318823e-05,0.996910572052002
13100,21.69,610,16.608027,2191,5,-3.1460659503936768,4.742458343505859,154,-0.016676165163517,2.1544346900318823e-05,0.996694803237915
13360,22.36,620,18.415337,2086,6,-3.2773985862731934,4.37801456451416,167,-0.018179170787334442,2.1544346900318823e-05,0.9964144825935364
13600,22.07,630,17.755844,2034,6,-3.3964357376098633,3.9286229610443115,179,-0.01937563717365265,2.1544346900318823e-05,0.9961557984352112
13820,22.11,640,18.551764,1991,6,-3.479691505432129,4.124515056610107,190,-0.02076895348727703,2.1544346900318823e-05,0.9959186911582947
14020,21.34,650,17.351677,1961,7,-3.534813642501831,4.137442588806152,200,-0.021711910143494606,2.1544346900318823e-05,0.9957032799720764
14200,22.05,660,17.9956,1927,7,-3.6021111011505127,3.6495189666748047,209,-0.02268674224615097,2.1544346900318823e-05,0.9955095648765564
14420,21.75,670,17.989252,1892,7,-3.67819881439209,3.630275249481201,220,-0.023952074348926544,2.1544346900318823e-05,0.9952728152275085
14580,21.71,680,18.055536,1867,7,-3.7862067222595215,3.4876487255096436,228,-0.024736937135457993,2.1544346900318823e-05,0.9951006174087524
14860,21.8,690,17.97557,1835,8,-3.958716630935669,3.520397663116455,242,-0.02629837393760681,2.1544346900318823e-05,0.9947995543479919
15160,21.61,700,17.875881,1793,8,-4.013193130493164,3.0742859840393066,257,-0.027926545590162277,2.1544346900318823e-05,0.9944773316383362
15400,22.47,710,19.082752,1766,8,-4.15226936340332,3.139805793762207,269,-0.029452143236994743,2.1544346900318823e-05,0.9942194223403931
15580,21.64,720,17.477219,1751,8,-4.204196929931641,3.216364860534668,278,-0.030147042125463486,2.1544346900318823e-05,0.9940260648727417
15880,22.39,730,18.744965,1718,9,-4.474919319152832,3.4787566661834717,293,-0.03186861053109169,2.1544346900318823e-05,0.9937039613723755
16100,21.7,740,18.009336,1703,9,-4.397539138793945,3.273789167404175,304,-0.03291603550314903,2.1544346900318823e-05,0.9934679269790649
16300,21.8,750,18.25597,1681,9,-4.41663932800293,3.012289047241211,314,-0.03396645560860634,2.1544346900318823e-05,0.9932534098625183
16520,21.61,760,18.672752,1663,9,-4.596061706542969,3.1043736934661865,325,-0.03526776283979416,2.1544346900318823e-05,0.9930174946784973
16680,22.58,770,21.512522,1647,10,-4.580408096313477,3.34554123878479,333,-0.03616756200790405,2.1544346900318823e-05,0.9928460121154785
16920,22.47,780,21.655407,1618,10,-4.710499286651611,2.945119857788086,345,-0.03765404224395752,2.1544346900318823e-05,0.9925888180732727
17200,22.71,790,22.031826,1601,10,-4.9559173583984375,3.01979923248291,359,-0.03915918990969658,2.1544346900318823e-05,0.9922885894775391
17320,22.95,800,22.425613,1591,10,-4.853698253631592,3.1116344928741455,365,-0.03951364755630493,2.1544346900318823e-05,0.9921600222587585
17620,21.89,810,20.912495,1575,11,-5.06876277923584,2.7002031803131104,380,-0.041277069598436356,2.1544346900318823e-05,0.9918384552001953
17780,20.95,820,19.866722,1565,11,-5.15297794342041,3.250941514968872,388,-0.042169246822595596,2.1544346900318823e-05,0.9916672110557556
17980,21.88,830,22.329185,1555,11,-5.313587188720703,3.0670671463012695,398,-0.04316456615924835,2.1544346900318823e-05,0.9914531707763672
18200,22.05,840,22.462152,1538,11,-5.3246660232543945,3.0195016860961914,409,-0.044496797025203705,2.1544346900318823e-05,0.9912180304527283
18340,21.99,850,22.2623,1526,12,-5.305312156677246,2.9338088035583496,416,-0.04523931443691254,2.1544346900318823e-05,0.9910682439804077
18560,21.71,860,21.468428,1513,12,-5.4356889724731445,3.7391602993011475,427,-0.04637501761317253,2.1544346900318823e-05,0.990833044052124
18700,20.97,870,18.59972,1506,12,-5.431757926940918,3.1153488159179688,434,-0.046897463500499725,2.1544346900318823e-05,0.9906834363937378
18920,20.77,880,18.14116,1495,12,-5.679168701171875,3.2330448627471924,445,-0.04876958206295967,2.1544346900318823e-05,0.9904486536979675
19140,20.42,890,17.743193,1488,12,-5.688629150390625,3.0695714950561523,456,-0.04966195672750473,2.1544346900318823e-05,0.9902138710021973
19360,20.81,900,18.612762,1481,13,-5.733973979949951,3.004157066345215,467,-0.050517234951257706,2.1544346900318823e-05,0.9899788498878479
19560,21.2,910,18.91416,1472,13,-5.749988555908203,2.6190953254699707,477,-0.05191086232662201,2.1544346900318823e-05,0.9897652864456177
19760,20.88,920,18.48807,1462,13,-6.107447624206543,4.398550987243652,487,-0.052825927734375,2.1544346900318823e-05,0.9895520210266113
19880,19.58,930,15.737689,1458,13,-5.9458184242248535,3.9108383655548096,493,-0.053550995886325836,2.1544346900318823e-05,0.9894240498542786
20060,19.35,940,15.250116,1451,13,-6.149843215942383,3.567444324493408,502,-0.05481911450624466,2.1544346900318823e-05,0.9892322421073914
20280,19.41,950,15.4984,1445,14,-6.012537479400635,3.1290206909179688,513,-0.05573105812072754,2.1544346900318823e-05,0.9889975786209106
20460,19.23,960,15.069204,1440,14,-6.104771614074707,3.843289852142334,522,-0.05690375715494156,2.1544346900318823e-05,0.9888055920600891
20700,19.04,970,15.263593,1431,14,-6.335921287536621,4.271462917327881,534,-0.058072686195373535,2.1544346900318823e-05,0.9885495901107788
20860,19.41,980,15.916216,1426,14,-6.291210651397705,3.722357988357544,542,-0.0591280534863472,2.1544346900318823e-05,0.9883790612220764
21080,19.47,990,15.83283,1412,14,-6.385865688323975,3.2840375900268555,553,-0.06025351211428642,2.1544346900318823e-05,0.9881445169448853
21300,19.33,1000,15.548858,1404,15,-6.54166841506958,4.419136047363281,564,-0.061274170875549316,2.1544346900318823e-05,0.9879102110862732
21480,19.16,1010,15.128741,1395,15,-6.668462753295898,4.693981170654297,573,-0.0624808669090271,2.1544346900318823e-05,0.9877187013626099
21680,19.38,1020,15.450681,1390,15,-6.68070125579834,3.7621796131134033,583,-0.0633559301495552,2.1544346900318823e-05,0.9875059723854065
21860,19.19,1030,15.438974,1386,15,-6.6734466552734375,4.282962322235107,592,-0.06439600139856339,2.1544346900318823e-05,0.987314760684967
22060,19.35,1040,15.427837,1381,15,-6.749704360961914,3.578641653060913,602,-0.0653873011469841,2.1544346900318823e-05,0.9871021509170532
22240,19.65,1050,15.678254,1376,16,-6.720921039581299,4.500179767608643,611,-0.06666485965251923,2.1544346900318823e-05,0.9869106411933899
22460,19.84,1060,16.560137,1370,16,-6.886565208435059,3.2028722763061523,622,-0.06795322895050049,2.1544346900318823e-05,0.9866768717765808
22620,19.75,1070,16.440025,1368,16,-6.845700740814209,4.161454677581787,630,-0.06871049106121063,2.1544346900318823e-05,0.9865069389343262
22840,19.39,1080,15.976658,1362,16,-7.034770965576172,3.0235671997070312,641,-0.06931181252002716,2.1544346900318823e-05,0.9862731695175171
23020,19.34,1090,16.078333,1355,16,-7.070112705230713,3.660466194152832,650,-0.06973465532064438,2.1544346900318823e-05,0.986082136631012
23160,19.16,1100,15.982235,1353,17,-7.167021751403809,3.6286232471466064,657,-0.07130462676286697,2.1544346900318823e-05,0.9859336018562317
23280,19.02,1110,15.844729,1351,17,-7.330138206481934,4.997548580169678,663,-0.07243002951145172,2.1544346900318823e-05,0.985806405544281
23480,18.44,1120,15.533378,1345,17,-7.136574745178223,3.354616641998291,673,-0.07308976352214813,2.1544346900318823e-05,0.9855942130088806
23760,18.62,1130,15.727427,1340,17,-7.4973320960998535,3.488966464996338,687,-0.07452094554901123,2.1544346900318823e-05,0.9852972626686096
23880,18.81,1140,16.207361,1336,17,-7.379795551300049,4.318545341491699,693,-0.07479298859834671,2.1544346900318823e-05,0.9851700067520142
24060,18.49,1150,16.107035,1332,18,-7.353082656860352,4.2422380447387695,702,-0.07595180720090866,2.1544346900318823e-05,0.9849790334701538
24240,18.16,1160,15.369447,1326,18,-7.763008117675781,5.368255615234375,711,-0.0772523581981659,2.1544346900318823e-05,0.9847881197929382
24380,17.81,1170,15.063921,1322,18,-7.837425231933594,3.766747236251831,718,-0.07771839201450348,2.1544346900318823e-05,0.9846397042274475
24580,17.68,1180,14.690791,1316,18,-7.957318305969238,4.813508033752441,728,-0.07870744168758392,2.1544346900318823e-05,0.9844276905059814
24800,17.81,1190,14.621356,1309,18,-7.857440948486328,4.899194717407227,739,-0.0802120566368103,2.1544346900318823e-05,0.9841947555541992
24920,18.03,1200,14.827792,1304,19,-7.928184509277344,5.422626495361328,745,-0.08076658844947815,2.1544346900318823e-05,0.9840675592422485
25100,17.93,1210,14.762134,1299,19,-7.8848161697387695,5.085089683532715,754,-0.08170123398303986,2.1544346900318823e-05,0.9838773012161255
25240,17.76,1220,14.698652,1294,19,-8.05743408203125,3.9778692722320557,761,-0.08307278901338577,2.1544346900318823e-05,0.9837294816970825
25460,17.57,1230,14.127201,1289,19,-7.982682704925537,5.58176326751709,772,-0.08346951752901077,2.1544346900318823e-05,0.9834968447685242
25600,17.33,1240,13.883535,1288,19,-8.116094589233398,4.642629146575928,779,-0.08406756818294525,2.1544346900318823e-05,0.9833488464355469
25760,17.22,1250,13.653706,1283,20,-8.11539077758789,5.606170654296875,787,-0.08507245779037476,2.1544346900318823e-05,0.9831799864768982
25920,16.99,1260,13.518397,1279,20,-8.146102905273438,3.8284144401550293,795,-0.0861383005976677,2.1544346900318823e-05,0.9830108880996704
26180,17.19,1270,13.544529,1275,20,-8.399213790893555,4.392353057861328,808,-0.08773267269134521,2.1544346900318823e-05,0.9827362298965454
26340,17.24,1280,13.849861,1274,20,-8.498066902160645,3.5443644523620605,816,-0.08809098601341248,2.1544346900318823e-05,0.9825670123100281
26460,17.41,1290,14.112513,1271,20,-8.666043281555176,3.9270594120025635,822,-0.08895868062973022,2.1544346900318823e-05,0.9824402332305908
26600,16.57,1300,13.285191,1268,20,-8.699861526489258,6.400301933288574,829,-0.08962031453847885,2.1544346900318823e-05,0.9822923541069031
26780,16.97,1310,13.77403,1254,21,-8.709517478942871,4.5845046043396,838,-0.09026052802801132,2.1544346900318823e-05,0.9821021556854248
26940,16.79,1320,13.608333,1230,21,-8.585386276245117,4.602716445922852,846,-0.09191704541444778,2.1544346900318823e-05,0.9819334149360657
27120,16.87,1330,13.79217,1224,22,-8.868391036987305,6.2707061767578125,855,-0.09281803667545319,2.1544346900318823e-05,0.9817433953285217
27300,16.57,1340,13.578159,1212,22,-8.838899612426758,5.950339317321777,864,-0.09302255511283875,2.1544346900318823e-05,0.9815536141395569
27480,16.54,1350,13.658136,1210,22,-8.9381685256958,4.022770881652832,873,-0.09456516057252884,2.1544346900318823e-05,0.9813640117645264
27600,16.96,1360,14.392952,1203,22,-8.981002807617188,7.385829925537109,879,-0.09468076378107071,2.1544346900318823e-05,0.9812375903129578
27820,16.86,1370,14.19839,1195,23,-9.049215316772461,5.466010570526123,890,-0.09690867364406586,2.1544346900318823e-05,0.981005847454071
27980,16.75,1380,13.79252,1188,23,-9.289219856262207,4.231551170349121,898,-0.09675080329179764,2.1544346900318823e-05,0.9808372259140015
28180,16.46,1390,13.669622,1179,23,-9.170209884643555,5.990612983703613,908,-0.0973997637629509,2.1544346900318823e-05,0.9806265830993652
28300,16.53,1400,13.776014,1177,24,-9.097858428955078,4.932036399841309,914,-0.09824730455875397,2.1544346900318823e-05,0.9805002808570862
28440,16.49,1410,13.710094,1174,24,-9.407176971435547,6.652576446533203,921,-0.09892313182353973,2.1544346900318823e-05,0.980353057384491
28560,16.43,1420,13.712859,1171,24,-9.365751266479492,5.705989837646484,927,-0.10076015442609787,2.1544346900318823e-05,0.9802269339561462
28740,16.08,1430,13.460167,1168,24,-9.386886596679688,6.774394989013672,936,-0.10083162784576416,2.1544346900318823e-05,0.9800374507904053
28960,16.27,1440,13.808137,1165,24,-9.590011596679688,6.905567169189453,947,-0.10112547874450684,2.1544346900318823e-05,0.9798059463500977
29120,16.98,1450,14.949767,1163,25,-9.596794128417969,7.0508036613464355,955,-0.10239513963460922,2.1544346900318823e-05,0.9796378016471863
29260,16.65,1460,14.212383,1157,25,-9.715532302856445,4.188212871551514,962,-0.1036844402551651,2.1544346900318823e-05,0.9794909358024597
29420,16.65,1470,14.412023,1153,25,-9.634509086608887,4.271068572998047,970,-0.10438524186611176,2.1544346900318823e-05,0.9793229699134827
29560,16.01,1480,14.248778,1150,25,-9.712623596191406,4.851579666137695,977,-0.10486041754484177,2.1544346900318823e-05,0.9791760444641113
29780,16.24,1490,14.380459,1146,25,-9.857080459594727,6.91287088394165,988,-0.10580816864967346,2.1544346900318823e-05,0.9789454340934753
29900,16.52,1500,14.41354,1143,26,-9.872054100036621,8.015602111816406,994,-0.10674836486577988,2.1544346900318823e-05,0.9788195490837097
30040,16.08,1510,13.868728,1140,26,-10.030405044555664,6.294302940368652,1001,-0.10788599401712418,2.1544346900318823e-05,0.9786728620529175
30240,16.42,1520,14.328499,1135,26,-9.90545654296875,6.9653778076171875,1011,-0.108726866543293,2.1544346900318823e-05,0.9784630537033081
30380,16.56,1530,14.457542,1133,26,-10.054460525512695,9.479043960571289,1018,-0.10944115370512009,2.1544346900318823e-05,0.9783163666725159
30540,16.55,1540,14.023642,1130,27,-10.046878814697266,9.690860748291016,1026,-0.10969843715429306,2.1544346900318823e-05,0.9781485199928284
30680,15.87,1550,12.64678,1128,27,-10.154960632324219,5.817897319793701,1033,-0.11208370327949524,2.1544346900318823e-05,0.9780017137527466
30800,15.73,1560,12.4662,1127,27,-10.203632354736328,6.7389655113220215,1039,-0.11280429363250732,2.1544346900318823e-05,0.9778758883476257
30940,15.46,1570,12.149747,1124,27,-10.315004348754883,7.549022197723389,1046,-0.11262722313404083,2.1544346900318823e-05,0.9777291417121887
31100,15.51,1580,12.273652,1122,27,-10.485950469970703,6.14035701751709,1054,-0.11442361027002335,2.1544346900318823e-05,0.9775615930557251
31280,15.51,1590,12.258883,1120,27,-10.568588256835938,10.052108764648438,1063,-0.115262970328331,2.1544346900318823e-05,0.9773730039596558
31420,15.49,1600,12.396854,1119,28,-10.612153053283691,9.497570037841797,1070,-0.11579636484384537,2.1544346900318823e-05,0.9772263169288635
31580,15.19,1610,12.034309,1117,28,-10.636711120605469,8.169736862182617,1078,-0.11573196202516556,2.1544346900318823e-05,0.9770587086677551
31700,15.15,1620,11.812931,1115,28,-10.355415344238281,4.306282997131348,1084,-0.11619678139686584,2.1544346900318823e-05,0.9769330620765686
31900,15.15,1630,11.928699,1113,28,-10.638047218322754,8.777507781982422,1094,-0.11737281084060669,2.1544346900318823e-05,0.9767240881919861
32080,15.53,1640,12.753358,1111,28,-10.704172134399414,6.719963550567627,1103,-0.1188475713133812,2.1544346900318823e-05,0.9765359163284302
32220,15.13,1650,12.320579,1109,29,-10.617730140686035,8.929401397705078,1110,-0.11924649029970169,2.1544346900318823e-05,0.976389467716217
32340,15.32,1660,12.66619,1108,29,-10.697774887084961,4.817637920379639,1116,-0.12105191498994827,2.1544346900318823e-05,0.9762639999389648
32520,15.59,1670,12.635795,1106,29,-10.654439926147461,7.527280807495117,1125,-0.12132827937602997,2.1544346900318823e-05,0.9760756492614746
32640,15.56,1680,12.335818,1104,29,-10.72673511505127,5.962664604187012,1131,-0.12156575918197632,2.1544346900318823e-05,0.9759501218795776
32900,15.85,1690,12.5903225,1101,29,-11.309496879577637,7.901077747344971,1144,-0.12273965775966644,2.1544346900318823e-05,0.9756782054901123
33080,15.93,1700,12.662577,1100,30,-10.957205772399902,8.504026412963867,1153,-0.12298962473869324,2.1544346900318823e-05,0.9754899144172668
33260,16.3,1710,13.011136,1098,30,-11.131677627563477,4.826858997344971,1162,-0.12540321052074432,2.1544346900318823e-05,0.97530198097229
33420,16.77,1720,13.525224,1096,30,-11.294970512390137,7.085805892944336,1170,-0.12603656947612762,2.1544346900318823e-05,0.9751347303390503
33600,16.99,1730,13.641169,1094,30,-11.451374053955078,7.010746002197266,1179,-0.12596532702445984,2.1544346900318823e-05,0.9749466180801392
33720,16.71,1740,13.310481,1092,30,-11.390480041503906,7.905251979827881,1185,-0.12782539427280426,2.1544346900318823e-05,0.9748212099075317
33840,16.78,1750,13.414521,1091,31,-11.419560432434082,6.414710521697998,1191,-0.12925240397453308,2.1544346900318823e-05,0.97469562292099
34020,16.57,1760,13.176931,1088,31,-11.56557846069336,8.204665184020996,1200,-0.12849900126457214,2.1544346900318823e-05,0.9745073318481445
34180,16.49,1770,13.389529,1086,31,-11.490764617919922,10.705398559570312,1208,-0.1281575858592987,2.1544346900318823e-05,0.9743403792381287
34300,16.54,1780,13.682557,1084,31,-11.639022827148438,9.734415054321289,1214,-0.13046707212924957,2.1544346900318823e-05,0.9742152690887451
34480,16.28,1790,13.423529,1082,31,-11.701641082763672,9.646316528320312,1223,-0.13148990273475647,2.1544346900318823e-05,0.9740273952484131
34620,15.91,1800,13.133241,1080,32,-11.626457214355469,7.355801582336426,1230,-0.13219088315963745,2.1544346900318823e-05,0.9738814234733582
34840,15.63,1810,13.067277,1078,32,-11.688106536865234,6.800189018249512,1241,-0.13295993208885193,2.1544346900318823e-05,0.973652184009552
34960,15.21,1820,12.621991,1077,32,-11.634920120239258,7.34869384765625,1247,-0.13461920619010925,2.1544346900318823e-05,0.9735270738601685
35080,15.28,1830,12.636109,1075,32,-11.570234298706055,7.705470085144043,1253,-0.13501951098442078,2.1544346900318823e-05,0.9734019637107849
35220,15.14,1840,12.437765,1073,32,-11.932699203491211,7.893627643585205,1260,-0.13503772020339966,2.1544346900318823e-05,0.97325599193573
35440,15.03,1850,12.339504,1069,33,-11.99397087097168,5.212589263916016,1271,-0.13628390431404114,2.1544346900318823e-05,0.9730265736579895
35580,15.45,1860,12.574457,1066,33,-11.931171417236328,7.09210205078125,1278,-0.13742156326770782,2.1544346900318823e-05,0.9728806614875793
35740,15.71,1870,12.75241,1063,33,-12.175048828125,11.83237075805664,1286,-0.13782183825969696,2.1544346900318823e-05,0.9727136492729187
35840,15.43,1880,12.354981,1061,33,-12.163352966308594,7.0807204246521,1291,-0.13831527531147003,2.1544346900318823e-05,0.9726093411445618
36040,15.4,1890,12.444099,1059,34,-12.333956718444824,8.636820793151855,1301,-0.13946229219436646,2.1544346900318823e-05,0.9724007248878479
36140,15.75,1900,12.663746,1058,34,-12.303119659423828,12.172025680541992,1306,-0.13970571756362915,2.1544346900318823e-05,0.9722965359687805
36320,15.46,1910,12.388756,1055,34,-12.148994445800781,8.686205863952637,1315,-0.14143115282058716,2.1544346900318823e-05,0.9721089601516724
36480,15.18,1920,11.955663,1053,34,-12.164896011352539,7.791214942932129,1323,-0.14237603545188904,2.1544346900318823e-05,0.9719424247741699
36660,15.46,1930,12.2365675,1052,34,-12.662226676940918,7.457961082458496,1332,-0.1432490199804306,2.1544346900318823e-05,0.9717550873756409
36820,15.62,1940,12.412141,1050,35,-12.693737983703613,7.942452907562256,1340,-0.14392966032028198,2.1544346900318823e-05,0.9715883135795593
36980,15.9,1950,12.590677,1048,35,-12.502731323242188,9.425195693969727,1348,-0.14437131583690643,2.1544346900318823e-05,0.9714215993881226
37100,15.44,1960,12.379897,1046,35,-12.593690872192383,10.646717071533203,1354,-0.1456444263458252,2.1544346900318823e-05,0.9712963700294495
37260,15.51,1970,12.350402,1044,35,-12.710444450378418,11.74718952178955,1362,-0.146320641040802,2.1544346900318823e-05,0.9711297154426575
37400,15.43,1980,12.635768,1043,35,-12.440518379211426,8.386573791503906,1369,-0.14752453565597534,2.1544346900318823e-05,0.9709839820861816
37580,15.08,1990,12.230639,1041,36,-12.971564292907715,7.318563461303711,1378,-0.1469230055809021,2.1544346900318823e-05,0.9707965850830078
37740,14.94,2000,11.8266735,1040,36,-12.902684211730957,10.16293716430664,1386,-0.14925502240657806,2.1544346900318823e-05,0.9706301689147949
37920,15.85,2010,13.130238,1039,36,-12.842972755432129,12.539216995239258,1395,-0.15047045052051544,2.1544346900318823e-05,0.9704428911209106
38040,16.12,2020,13.424065,1039,36,-13.215780258178711,9.822762489318848,1401,-0.14928162097930908,2.1544346900318823e-05,0.970318078994751
38220,15.69,2030,13.22009,1037,36,-12.903295516967773,9.099968910217285,1410,-0.1522880345582962,2.1544346900318823e-05,0.9701310396194458
38480,15.78,2040,13.238424,1036,37,-13.124874114990234,9.20778751373291,1423,-0.15355537831783295,2.1544346900318823e-05,0.9698607921600342
38600,15.91,2050,13.343189,1034,37,-13.43259048461914,9.885595321655273,1429,-0.15468508005142212,2.1544346900318823e-05,0.9697359204292297
38820,16.05,2060,13.367261,1032,37,-13.019390106201172,8.120011329650879,1440,-0.15438847243785858,2.1544346900318823e-05,0.9695068597793579
38960,16.14,2070,13.530246,1030,37,-13.215322494506836,9.834246635437012,1447,-0.15401539206504822,2.1544346900318823e-05,0.9693614840507507
39180,16.81,2080,14.461958,1029,38,-13.419578552246094,11.40839958190918,1458,-0.15767307579517365,2.1544346900318823e-05,0.9691329598426819
39340,17.26,2090,15.348013,1028,38,-13.418426513671875,10.340691566467285,1466,-0.1588601917028427,2.1544346900318823e-05,0.9689664244651794
39540,17.31,2100,15.418848,1026,38,-13.397886276245117,13.467615127563477,1476,-0.15802007913589478,2.1544346900318823e-05,0.968758225440979
39740,17.53,2110,16.274149,1023,38,-13.611336708068848,8.931705474853516,1486,-0.15987080335617065,2.1544346900318823e-05,0.9685502052307129
39900,17.56,2120,16.407093,1022,39,-13.449440002441406,10.580925941467285,1494,-0.16018590331077576,2.1544346900318823e-05,0.9683839082717896
40060,17.95,2130,16.99113,1020,39,-13.687947273254395,9.86475944519043,1502,-0.16058611869812012,2.1544346900318823e-05,0.9682177305221558
40260,18.05,2140,17.416702,1018,39,-13.901046752929688,9.967524528503418,1512,-0.16311171650886536,2.1544346900318823e-05,0.9680101275444031
40480,18.71,2150,18.786509,1015,39,-14.021726608276367,12.299796104431152,1523,-0.16461321711540222,2.1544346900318823e-05,0.9677819609642029
40620,19.09,2160,19.420145,1014,40,-13.819844245910645,11.28744888305664,1530,-0.16223424673080444,2.1544346900318823e-05,0.9676367044448853
40860,19.27,2170,19.708092,1012,40,-13.975139617919922,11.485628128051758,1542,-0.1654248833656311,2.1544346900318823e-05,0.9673877954483032
41060,19.33,2180,19.359581,1011,40,-13.864675521850586,10.457372665405273,1552,-0.16712723672389984,2.1544346900318823e-05,0.9671804904937744
41240,19.23,2190,18.696371,1009,40,-14.202150344848633,9.981544494628906,1561,-0.16811805963516235,2.1544346900318823e-05,0.9669938087463379
41440,19.38,2200,18.979233,1008,41,-13.873766899108887,8.747230529785156,1571,-0.16777902841567993,2.1544346900318823e-05,0.9667863249778748
41600,19.1,2210,17.613064,1006,41,-14.694636344909668,10.438117980957031,1579,-0.167046457529068,2.1544346900318823e-05,0.966620147228241
41920,19.57,2220,18.43789,1003,41,-14.383244514465332,9.130573272705078,1595,-0.1703736037015915,2.1544346900318823e-05,0.9662891626358032
42120,20.05,2230,18.827286,1001,42,-14.473255157470703,13.572649002075195,1605,-0.17241740226745605,2.1544346900318823e-05,0.966081976890564
42360,20.6,2240,19.791113,999,42,-14.817646026611328,10.344468116760254,1617,-0.1730896234512329,2.1544346900318823e-05,0.9658336043357849
42680,20.17,2250,19.024948,996,42,-14.912018775939941,9.22509765625,1633,-0.17473964393138885,2.1544346900318823e-05,0.9655031561851501
43020,21.18,2260,20.169376,994,43,-14.969462394714355,5.953175067901611,1650,-0.1765953153371811,2.1544346900318823e-05,0.9651522040367126
43400,22.14,2270,21.496994,990,43,-15.255854606628418,11.558798789978027,1669,-0.17845125496387482,2.1544346900318823e-05,0.9647599458694458
43680,23.7,2280,24.813606,988,44,-15.212889671325684,15.622371673583984,1683,-0.18046018481254578,2.1544346900318823e-05,0.9644713401794434
43920,24.51,2290,26.563705,986,44,-15.361626625061035,11.769097328186035,1695,-0.18041683733463287,2.1544346900318823e-05,0.9642240405082703
44160,26.28,2300,30.884789,984,44,-15.556984901428223,9.919310569763184,1707,-0.1802353858947754,2.1544346900318823e-05,0.9639770984649658
44520,26.4,2310,31.69226,980,45,-15.657170295715332,19.047780990600586,1725,-0.184302419424057,2.1544346900318823e-05,0.9636071920394897
44820,27.11,2320,32.061268,978,45,-15.263147354125977,14.54094409942627,1740,-0.18392762541770935,2.1544346900318823e-05,0.9632986783981323
45080,29.1,2330,35.51675,977,46,-16.079662322998047,14.996749877929688,1753,-0.18307100236415863,2.1544346900318823e-05,0.963031530380249
45460,29.51,2340,35.864304,977,46,-16.058101654052734,9.339523315429688,1772,-0.18906882405281067,2.1544346900318823e-05,0.9626429080963135
45740,30.74,2350,37.795753,975,46,-16.305910110473633,9.331539154052734,1786,-0.18939590454101562,2.1544346900318823e-05,0.9623566269874573
45940,31.11,2360,38.69177,975,47,-16.026763916015625,12.085868835449219,1796,-0.18739892542362213,2.1544346900318823e-05,0.9621523022651672
46240,30.81,2370,38.860977,974,47,-16.718265533447266,13.999237060546875,1811,-0.189639151096344,2.1544346900318823e-05,0.9618465304374695
46540,30.04,2380,37.04597,973,47,-16.184947967529297,11.015100479125977,1826,-0.1942402571439743,2.1544346900318823e-05,0.9615410566329956
46920,30.14,2390,37.51752,971,48,-16.790855407714844,11.00251579284668,1845,-0.19407770037651062,2.1544346900318823e-05,0.9611536264419556
47320,29.87,2400,36.06357,970,48,-16.88141632080078,8.371548652648926,1865,-0.19675646722316742,2.1544346900318823e-05,0.9607474207878113
47720,31.38,2410,38.195946,969,49,-16.919574737548828,7.625061988830566,1885,-0.19597871601581573,2.1544346900318823e-05,0.9603410363197327
48080,31.88,2420,40.090424,969,49,-17.591665267944336,9.04995346069336,1903,-0.19807294011116028,2.1544346900318823e-05,0.9599775671958923
48380,31.25,2430,38.232918,968,49,-16.79047393798828,15.877705574035645,1918,-0.20072153210639954,2.1544346900318823e-05,0.9596747756004333
48780,32.79,2440,40.26917,967,50,-17.326534271240234,15.862129211425781,1938,-0.20258790254592896,2.1544346900318823e-05,0.9592733979225159
49120,33.25,2450,41.332924,966,50,-16.867916107177734,15.126688003540039,1955,-0.20167529582977295,2.1544346900318823e-05,0.9589319229125977
49540,33.6,2460,41.51004,966,51,-18.042293548583984,9.80868911743164,1976,-0.20120109617710114,2.1544346900318823e-05,0.958512008190155
49800,35.01,2470,43.761303,966,51,-18.100521087646484,10.63623046875,1989,-0.20439809560775757,2.1544346900318823e-05,0.958253026008606
