time/episodes,time/fps,rollout/ep_len_mean,time/time_elapsed,rollout/ep_rew_mean,time/total_timesteps,train/learning_rate,train/n_updates,train/critic_loss,train/ent_coef,train/actor_loss,train/ent_coef_loss
10,2119,12.4,0,9.6630092,320,,,,,,
20,2386,15.25,0,12.380806850000003,480,,,,,,
30,2579,17.5,0,13.662824266666666,760,,,,,,
40,2711,18.45,0,14.250516750000003,940,,,,,,
50,2886,18.44,0,13.866006080000002,1280,,,,,,
60,3027,19.683333333333334,0,14.569588733333331,1560,,,,,,
70,3148,20.557142857142857,0,15.499980199999998,1760,,,,,,
80,3307,20.65,0,15.616236537499997,2060,,,,,,
90,3344,20.788888888888888,0,15.918481377777777,2180,,,,,,
100,3503,21.18,0,17.03146575,2500,,,,,,
110,3459,22.61,0,19.49839761,2620,,,,,,
120,3503,23.09,0,20.07291823,2880,,,,,,
130,3498,22.91,0,19.804256249999998,3060,,,,,,
140,3522,23.1,0,19.6796361,3240,,,,,,
150,3588,23.25,0,19.81113306,3460,,,,,,
160,3600,22.66,1,19.823616400000002,3700,,,,,,
170,3575,22.09,1,19.078215599999996,3820,,,,,,
180,3637,21.92,1,18.943480949999994,4040,,,,,,
190,3712,21.87,1,18.75907728,4360,,,,,,
200,3755,21.41,1,17.51451152,4540,,,,,,
210,3745,21.72,1,16.30399139,4820,,,,,,
220,3765,21.67,1,16.058662939999998,5080,,,,,,
230,3793,22.04,1,16.89523493,5260,,,,,,
240,3819,21.84,1,17.14044118,5480,,,,,,
250,3834,21.81,1,17.45948054,5620,,,,,,
260,3860,22.09,1,17.756557010000005,5840,,,,,,
270,3874,21.55,1,17.482034419999998,6080,,,,,,
280,3917,21.6,1,17.526652950000003,6320,,,,,,
290,3965,21.66,1,17.939087139999998,6620,,,,,,
300,3994,22.82,1,19.34405728,6820,,,,,,
310,4003,21.61,1,18.19204777,7060,,,,,,
320,4024,22.48,1,19.269303920000002,7300,,,,,,
330,4041,21.68,1,18.03947572,7480,,,,,,
340,4043,22.18,1,18.37225275,7700,,,,,,
350,4055,22.25,1,18.3365659,7900,,,,,,
360,4083,21.9,1,17.943190879999996,8140,,,,,,
370,4110,22.51,2,18.676245650000002,8420,,,,,,
380,4111,23.39,2,20.37160801,8640,,,,,,
390,4114,22.97,2,19.48099607,8820,,,,,,
400,4108,22.17,2,18.35316435,9000,,,,,,
410,4114,22.56,2,19.130548859999998,9280,,,,,,
420,4136,21.34,2,17.64331755,9540,,,,,,
430,4143,22.57,2,19.31313575,9700,,,,,,
440,4161,22.03,2,18.90706457,9940,,,,,,
450,3996,21.99,2,18.91290133,10140,7.742636826811278e-05,6,7.065239906311035,0.9996129274368286,-2.0654354095458984,-0.0019488628022372723
460,3693,22.9,2,20.056103359999998,10400,7.742636826811278e-05,19,6.10513973236084,0.9986064434051514,-2.3511295318603516,-0.007042841520160437
470,3455,22.56,3,19.822168319999996,10600,7.742636826811278e-05,29,5.2512102127075195,0.9978322982788086,-2.5323195457458496,-0.010904861614108086
480,3244,22.32,3,19.395318139999997,10800,7.742636826811278e-05,39,4.795153617858887,0.997058629989624,-2.7664384841918945,-0.014780642464756966
490,3043,22.76,3,20.30720535,11040,7.742636826811278e-05,51,3.6434884071350098,0.9961310625076294,-3.1052653789520264,-0.01951652392745018
500,2929,22.2,3,19.78377729,11220,7.742636826811278e-05,60,2.955458641052246,0.9954361915588379,-3.3451766967773438,-0.023079540580511093
510,2828,21.86,4,19.06427665,11380,7.742636826811278e-05,68,2.5700840950012207,0.9948187470436096,-3.5742106437683105,-0.026030253618955612
520,2723,21.95,4,19.110206659999996,11580,7.742636826811278e-05,78,2.259361982345581,0.9940478801727295,-3.804227590560913,-0.03012222610414028
530,2675,20.91,4,18.125108439999998,11700,7.742636826811278e-05,84,2.191840410232544,0.9935854077339172,-4.05844783782959,-0.032531868666410446
540,2554,20.76,4,17.87277555,11960,7.742636826811278e-05,97,1.9357305765151978,0.9925834536552429,-4.25050687789917,-0.03758995234966278
550,2502,20.46,4,17.23688515,12100,7.742636826811278e-05,104,1.8345314264297485,0.9920442700386047,-4.259882926940918,-0.04029436036944389
560,2403,19.29,5,15.887961459999996,12340,7.742636826811278e-05,116,1.8981976509094238,0.9911208152770996,-4.510382652282715,-0.04504194110631943
570,2336,20.0,5,16.363741830000002,12560,7.742636826811278e-05,127,1.6890513896942139,0.9902759194374084,-4.68499755859375,-0.04940208047628403
580,2231,19.47,5,15.54652102,12900,7.742636826811278e-05,144,1.6002918481826782,0.9889712333679199,-4.782205104827881,-0.05596771091222763
590,2174,20.06,6,16.16036097,13120,7.742636826811278e-05,155,1.7810134887695312,0.9881280064582825,-4.88940954208374,-0.060161836445331573
600,2114,20.55,6,17.299219139999998,13360,7.742636826811278e-05,167,1.8450031280517578,0.9872100353240967,-5.026397705078125,-0.06466160714626312
610,2054,21.54,6,19.16327754,13600,7.742636826811278e-05,179,1.544835090637207,0.98629230260849,-5.104418754577637,-0.06960112601518631
620,2006,21.74,6,19.351508430000003,13820,7.742636826811278e-05,190,1.9445421695709229,0.9854509830474854,-5.313405513763428,-0.0736272931098938
630,1950,22.87,7,20.99660118,14180,7.742636826811278e-05,208,1.2291107177734375,0.9840772747993469,-5.41216516494751,-0.0811786875128746
640,1918,23.95,7,22.494274749999995,14340,7.742636826811278e-05,216,1.6682276725769043,0.983467161655426,-5.477422714233398,-0.08397749066352844
650,1882,24.12,7,22.789121689999998,14620,7.742636826811278e-05,230,1.5999689102172852,0.9824014902114868,-5.697214603424072,-0.08915390819311142
660,1857,25.2,7,23.974582419999997,14760,7.742636826811278e-05,237,1.2997846603393555,0.9818691611289978,-5.651594161987305,-0.09194785356521606
670,1826,24.35,8,23.073720230000003,14980,7.742636826811278e-05,248,1.298680305480957,0.9810326099395752,-5.857625484466553,-0.09638583660125732
680,1803,24.26,8,22.81679217,15160,7.742636826811278e-05,257,1.3616220951080322,0.9803490042686462,-6.018218040466309,-0.10030853748321533
690,1784,23.3,8,21.953960289999994,15340,7.742636826811278e-05,266,1.0324541330337524,0.9796662926673889,-5.983898162841797,-0.10320255905389786
700,1748,23.04,8,21.315840790000003,15640,7.742636826811278e-05,281,1.7625648975372314,0.9785287976264954,-6.039924621582031,-0.10955242812633514
710,1730,23.06,9,20.58731745,15800,7.742636826811278e-05,289,1.5481619834899902,0.9779226779937744,-6.22587776184082,-0.11256677657365799
720,1703,22.78,9,20.41399844,16060,7.742636826811278e-05,302,1.331904649734497,0.9769384860992432,-6.524309158325195,-0.11821112036705017
730,1677,21.87,9,18.49513742,16260,7.742636826811278e-05,312,0.819341778755188,0.9761819839477539,-6.434725761413574,-0.12178665399551392
740,1655,20.97,9,17.27369745,16500,7.742636826811278e-05,324,1.1697170734405518,0.9752750396728516,-6.638479709625244,-0.12664848566055298
750,1638,21.33,10,17.718490350000003,16680,7.742636826811278e-05,333,0.8573197722434998,0.9745949506759644,-6.6618428230285645,-0.12959444522857666
760,1613,20.4,10,16.43749666,16960,7.742636826811278e-05,347,1.4707210063934326,0.9735383987426758,-6.825042724609375,-0.13564977049827576
770,1597,21.21,10,17.05978204,17160,7.742636826811278e-05,357,1.0973715782165527,0.9727849364280701,-6.853497505187988,-0.13944312930107117
780,1580,21.15,11,17.08016219,17400,7.742636826811278e-05,369,1.8247594833374023,0.9718818664550781,-6.967113971710205,-0.14368081092834473
790,1561,20.61,11,16.25507755,17620,7.742636826811278e-05,380,1.4728026390075684,0.9710543751716614,-7.180191516876221,-0.14716720581054688
800,1548,21.49,11,17.10838763,17820,7.742636826811278e-05,390,1.997733473777771,0.9703029990196228,-7.198708534240723,-0.15199685096740723
810,1534,20.67,11,16.45278016,17980,7.742636826811278e-05,398,1.3823490142822266,0.9697021245956421,-7.229798316955566,-0.15495368838310242
820,1513,20.73,12,16.28646797,18220,7.742636826811278e-05,410,1.7223873138427734,0.968801736831665,-7.40004825592041,-0.16027209162712097
830,1493,22.04,12,18.503413700000003,18520,7.742636826811278e-05,425,1.036419153213501,0.967677116394043,-7.6834716796875,-0.1651057004928589
840,1484,21.68,12,18.026322870000005,18740,7.742636826811278e-05,436,1.7166893482208252,0.9668530821800232,-7.621603012084961,-0.1687929481267929
850,1473,21.48,12,18.249373470000002,18980,7.742636826811278e-05,448,1.7250490188598633,0.9659557938575745,-7.7583842277526855,-0.1746143251657486
860,1459,22.72,13,19.681068919999998,19260,7.742636826811278e-05,462,1.2118818759918213,0.9649099111557007,-7.862254619598389,-0.17975029349327087
870,1444,22.33,13,19.207594200000003,19520,7.742636826811278e-05,475,2.0121378898620605,0.9639394283294678,-8.197663307189941,-0.18623292446136475
880,1432,23.98,13,21.662778460000006,19840,7.742636826811278e-05,491,1.5092335939407349,0.9627477526664734,-8.13951301574707,-0.19028812646865845
890,1423,24.71,14,22.692216639999998,19980,7.742636826811278e-05,498,1.3290879726409912,0.9622273445129395,-8.365633010864258,-0.19479483366012573
900,1407,24.21,14,22.409078670000003,20320,7.742636826811278e-05,515,2.110051155090332,0.9609638452529907,-8.444190979003906,-0.19964662194252014
910,1392,25.84,14,24.85666893,20580,7.742636826811278e-05,528,1.2255192995071411,0.959999144077301,-8.627601623535156,-0.2042621374130249
920,1376,26.07,15,24.96865902,20940,7.742636826811278e-05,546,1.3699506521224976,0.9586670994758606,-8.758859634399414,-0.2132415771484375
930,1368,25.3,15,23.953676050000002,21200,7.742636826811278e-05,559,1.8034892082214355,0.9577057361602783,-9.096988677978516,-0.2176264226436615
940,1361,27.0,15,26.525041230000003,21480,7.742636826811278e-05,573,1.6514836549758911,0.9566718339920044,-9.094286918640137,-0.22089552879333496
950,1352,27.84,16,27.590182829999993,21800,7.742636826811278e-05,589,1.6146395206451416,0.9554934501647949,-9.169599533081055,-0.2286541759967804
960,1342,28.67,16,30.111673030000006,22120,7.742636826811278e-05,605,1.5728495121002197,0.9543181657791138,-9.462550163269043,-0.23368048667907715
970,1334,28.46,16,30.09809308,22380,7.742636826811278e-05,618,1.3284976482391357,0.9533634781837463,-9.729177474975586,-0.23950210213661194
980,1324,28.75,17,29.869793720000008,22680,7.742636826811278e-05,633,2.691232681274414,0.9522644877433777,-9.825000762939453,-0.24553489685058594
990,1309,29.52,17,30.792084839999998,23240,7.742636826811278e-05,661,1.5760836601257324,0.9502207040786743,-10.022533416748047,-0.2560248374938965
1000,1300,31.43,18,33.847500169999996,23480,7.742636826811278e-05,673,1.7152955532073975,0.9493447542190552,-10.456927299499512,-0.26069408655166626
1010,1282,31.93,18,35.51813637,23920,7.742636826811278e-05,695,3.3000669479370117,0.9477418661117554,-10.618765830993652,-0.2648774981498718
1020,1273,33.55,19,37.76965533,24260,7.742636826811278e-05,712,2.246562957763672,0.9465097784996033,-10.863142967224121,-0.27682119607925415
1030,1265,33.88,19,37.97498913,24500,7.742636826811278e-05,724,3.150757074356079,0.9456392526626587,-10.693451881408691,-0.28268808126449585
1040,1258,33.1,19,37.42989085,24900,7.742636826811278e-05,744,2.3374876976013184,0.9441890120506287,-10.941407203674316,-0.2836782932281494
1050,1249,33.6,20,38.23338389,25340,7.742636826811278e-05,766,1.5503299236297607,0.9426050186157227,-11.213547706604004,-0.2905902862548828
1060,1243,33.47,20,37.27167103,25720,7.742636826811278e-05,785,2.165238380432129,0.9412387013435364,-11.219749450683594,-0.2964702844619751
1070,1234,37.43,21,42.350512619999996,26220,7.742636826811278e-05,810,1.5874887704849243,0.9394527673721313,-11.678598403930664,-0.3078959882259369
1080,1230,37.14,21,42.30952078999999,26480,7.742636826811278e-05,823,2.281888961791992,0.9385251998901367,-11.832704544067383,-0.3101673126220703
1090,1217,38.38,22,44.593958140000005,26900,7.742636826811278e-05,844,5.234723091125488,0.9370302557945251,-11.750675201416016,-0.3156673312187195
1100,1212,38.51,22,43.92977779000001,27180,7.742636826811278e-05,858,1.8025376796722412,0.936037003993988,-12.17844009399414,-0.324621319770813
1110,1207,37.01,22,40.45877193,27600,7.742636826811278e-05,879,2.5689854621887207,0.9345487952232361,-12.43097972869873,-0.3298353850841522
1120,1200,36.88,23,40.82828660999999,27980,7.742636826811278e-05,898,2.3532791137695312,0.9332061409950256,-12.249738693237305,-0.3409951329231262
1130,1193,36.71,23,40.3832434,28580,7.742636826811278e-05,928,3.2087717056274414,0.9310961365699768,-12.96626091003418,-0.34462836384773254
1140,1187,40.48,24,45.15135935,28940,7.742636826811278e-05,946,2.2532033920288086,0.9298325777053833,-13.084915161132812,-0.3525657057762146
1150,1180,40.92,24,45.54125269,29400,7.742636826811278e-05,969,2.2776200771331787,0.9282259345054626,-13.48690128326416,-0.3591083288192749
1160,1178,40.67,25,46.99271739000001,29660,7.742636826811278e-05,982,3.0209908485412598,0.9273185729980469,-13.650697708129883,-0.3577348589897156
1170,1173,39.37,25,45.64218468999999,30060,7.742636826811278e-05,1002,2.6770100593566895,0.9259272813796997,-13.520123481750488,-0.3737514913082123
1180,1169,39.98,26,46.643201930000004,30440,7.742636826811278e-05,1021,3.305955410003662,0.9246087074279785,-13.790127754211426,-0.38012710213661194
1190,1165,39.6,26,47.463893769999984,30940,7.742636826811278e-05,1046,3.812264919281006,0.9228766560554504,-13.914785385131836,-0.38893187046051025
1200,1162,39.76,27,49.27920605,31440,7.742636826811278e-05,1071,4.71190071105957,0.9211432933807373,-14.462528228759766,-0.3871084451675415
1210,1159,42.18,27,53.14186803,31960,7.742636826811278e-05,1097,2.5509116649627686,0.9193561673164368,-14.881156921386719,-0.4077264666557312
1220,1154,42.66,28,55.13099439999999,32440,7.742636826811278e-05,1121,2.634213924407959,0.9177070260047913,-15.458715438842773,-0.4078444838523865
1230,1150,44.0,28,57.63478345000001,32880,7.742636826811278e-05,1143,2.331727981567383,0.9162007570266724,-15.545605659484863,-0.4142840504646301
1240,1143,43.1,29,56.455557410000004,33480,7.742636826811278e-05,1173,2.528430938720703,0.9141589403152466,-15.931102752685547,-0.4141363799571991
1250,1141,44.39,29,57.506532729999996,33780,7.742636826811278e-05,1188,4.694728851318359,0.9131391644477844,-16.190710067749023,-0.4202912747859955
1260,1138,43.87,30,56.7271918,34320,7.742636826811278e-05,1215,2.4772868156433105,0.9113146662712097,-16.026681900024414,-0.4405404329299927
1270,1136,44.73,30,58.837064469999994,34740,7.742636826811278e-05,1236,2.7475528717041016,0.9098964929580688,-16.550029754638672,-0.4465770125389099
1280,1132,45.94,31,60.243616550000006,35220,7.742636826811278e-05,1260,2.8535895347595215,0.9082731604576111,-17.00290298461914,-0.46074971556663513
1290,1127,46.85,31,60.38378467999999,35820,7.742636826811278e-05,1290,3.773568630218506,0.9062462449073792,-16.97732925415039,-0.4711167514324188
1300,1126,48.76,32,59.701188249999994,36140,7.742636826811278e-05,1306,3.138195037841797,0.9051720499992371,-17.61161231994629,-0.4749000072479248
1310,1121,48.53,32,60.14386261999999,36960,7.742636826811278e-05,1347,5.6984148025512695,0.9024190902709961,-17.711074829101562,-0.47685641050338745
1320,1117,49.98,33,61.082393599999996,37480,7.742636826811278e-05,1373,9.255657196044922,0.9006779789924622,-17.784008026123047,-0.4817468822002411
1330,1115,51.05,34,61.979323629999996,37940,7.742636826811278e-05,1396,4.149825096130371,0.8991410136222839,-18.11927032470703,-0.49321773648262024
1340,1111,50.53,34,62.366613320000006,38480,7.742636826811278e-05,1423,6.807163238525391,0.8973438739776611,-18.139297485351562,-0.5202475786209106
1350,1108,50.11,34,62.87044187999999,38780,7.742636826811278e-05,1438,4.008294105529785,0.8963455557823181,-18.59142303466797,-0.5165307521820068
1360,1103,51.07,35,63.91391834,39300,7.742636826811278e-05,1464,4.863311767578125,0.8946175575256348,-19.23617935180664,-0.5215203762054443
1370,1101,50.7,36,62.54385486,39820,7.742636826811278e-05,1490,13.46200942993164,0.892891526222229,-19.43830108642578,-0.5380089282989502
1380,1099,50.66,36,64.10451852,40340,7.742636826811278e-05,1516,2.7334370613098145,0.8911733627319336,-18.993486404418945,-0.5158458352088928
1390,1096,48.75,37,62.51119012,40740,7.742636826811278e-05,1536,2.76947021484375,0.8898576498031616,-19.996965408325195,-0.5422566533088684
1400,1095,48.65,37,63.71004880999999,41160,7.742636826811278e-05,1557,4.897706508636475,0.8884796500205994,-20.054542541503906,-0.5413756370544434
1410,1094,47.82,38,62.95283085000001,41620,7.742636826811278e-05,1580,5.122999668121338,0.8869649171829224,-20.075788497924805,-0.5462310910224915
1420,1093,46.44,38,63.15412891,42060,7.742636826811278e-05,1602,5.34788179397583,0.8855209350585938,-20.450475692749023,-0.55801922082901
1430,1092,45.79,39,64.22309029000002,42620,7.742636826811278e-05,1630,7.095714569091797,0.8836920857429504,-21.36959457397461,-0.5618422627449036
1440,1090,46.23,39,64.42614998,43000,7.742636826811278e-05,1649,3.3731136322021484,0.882452666759491,-22.08729362487793,-0.5816587209701538
1450,1089,46.3,39,66.25926394,43500,7.742636826811278e-05,1674,3.6770224571228027,0.8808199167251587,-21.641101837158203,-0.5947213172912598
1460,1088,46.62,40,66.8396982,43880,7.742636826811278e-05,1693,6.848838806152344,0.879575788974762,-21.367420196533203,-0.5930693745613098
1470,1086,46.18,40,67.82291590999999,44260,7.742636826811278e-05,1712,13.915337562561035,0.8783397674560547,-22.411741256713867,-0.5935832858085632
1480,1081,46.19,41,68.18204348,44680,7.742636826811278e-05,1733,5.06935977935791,0.8769823908805847,-22.20351791381836,-0.5730696320533752
1490,1080,46.78,41,69.48871689,45040,7.742636826811278e-05,1751,10.54187297821045,0.8758203387260437,-22.784900665283203,-0.5779668688774109
1500,1077,44.68,42,68.90658184,45500,7.742636826811278e-05,1774,11.945898056030273,0.8743358850479126,-22.946409225463867,-0.6203596591949463
1510,1076,44.54,42,69.76229766,46000,7.742636826811278e-05,1799,7.269919395446777,0.8727193474769592,-23.021484375,-0.6054472327232361
1520,1074,45.96,43,72.50449825,46460,7.742636826811278e-05,1822,7.193909645080566,0.8712370991706848,-23.450931549072266,-0.6296472549438477
1530,1070,45.63,43,72.71405561,47100,7.742636826811278e-05,1854,10.105886459350586,0.8691793084144592,-23.664661407470703,-0.6236152648925781
1540,1068,44.93,44,73.72492611,47500,7.742636826811278e-05,1874,8.453958511352539,0.867888867855072,-23.674049377441406,-0.6268585920333862
1550,1066,44.25,44,73.78603093999999,47900,7.742636826811278e-05,1894,13.173929214477539,0.8666076064109802,-24.5714054107666,-0.656444787979126
1560,1064,45.39,45,76.7863384,48440,7.742636826811278e-05,1921,13.071981430053711,0.8648731112480164,-24.668601989746094,-0.660701334476471
1570,1062,45.67,46,77.75778584,48960,7.742636826811278e-05,1947,11.491930961608887,0.8632075190544128,-24.710811614990234,-0.649803638458252
1580,1061,46.68,46,80.96983948,49460,7.742636826811278e-05,1972,13.168123245239258,0.8616189956665039,-25.298147201538086,-0.6848005056381226
1590,1059,47.82,47,83.57828307,50000,7.742636826811278e-05,1999,4.290343284606934,0.8598999381065369,-25.913299560546875,-0.6915711760520935
1600,1058,48.65,47,85.33561579,50460,7.742636826811278e-05,2022,11.717584609985352,0.8584306240081787,-26.032917022705078,-0.6912962794303894
1610,1055,50.0,48,87.95920388000002,51380,7.742636826811278e-05,2068,12.176589965820312,0.8554994463920593,-26.48605728149414,-0.6943579316139221
1620,1053,51.34,49,90.91771287000002,51840,7.742636826811278e-05,2091,10.629634857177734,0.8540468811988831,-26.960498809814453,-0.711859941482544
1630,1051,54.04,49,98.02345585,52500,7.742636826811278e-05,2124,8.071393966674805,0.8519770503044128,-27.655506134033203,-0.7089617252349854
1640,1049,54.71,50,99.89391098999998,52960,7.742636826811278e-05,2147,8.335129737854004,0.8505303263664246,-27.11931610107422,-0.7127753496170044
1650,1047,56.25,51,103.65218597999996,53780,7.742636826811278e-05,2188,20.96786117553711,0.8479672074317932,-27.526273727416992,-0.7389397621154785
1660,1046,59.05,52,110.53605888999999,54620,7.742636826811278e-05,2230,24.894855499267578,0.8453464508056641,-28.498062133789062,-0.7590412497520447
1670,1044,62.67,53,119.05021065999998,55440,7.742636826811278e-05,2271,24.11094856262207,0.8427945375442505,-28.821563720703125,-0.7566763162612915
1680,1041,65.72,54,127.25545827,56300,7.742636826811278e-05,2314,4.3914008140563965,0.8401382565498352,-29.11138916015625,-0.7563861012458801
1690,1038,68.93,54,134.53891066999998,57020,7.742636826811278e-05,2350,12.606849670410156,0.8379158973693848,-29.269784927368164,-0.7578363418579102
1700,1036,73.13,56,145.00178024,58100,7.742636826811278e-05,2404,17.250263214111328,0.8345965147018433,-30.291507720947266,-0.790892481803894
1710,1033,76.28,57,153.73290334,58940,7.742636826811278e-05,2446,15.805726051330566,0.83203125,-31.116531372070312,-0.8036306500434875
1720,1032,78.42,57,158.94229353999998,59820,7.742636826811278e-05,2490,5.906043529510498,0.8293349146842957,-31.877809524536133,-0.819452702999115
1730,1030,80.13,58,162.58482303,60680,7.742636826811278e-05,2533,8.700284957885742,0.826740026473999,-31.695327758789062,-0.8247936964035034
1740,1029,83.46,59,170.29178177999998,61660,7.742636826811278e-05,2582,19.117523193359375,0.8237791061401367,-32.765316009521484,-0.8257573246955872
1750,1027,86.33,60,176.63661077000003,62460,7.742636826811278e-05,2622,19.862884521484375,0.821377694606781,-32.336238861083984,-0.8611745238304138
1760,1026,86.85,61,177.70475824000002,63500,7.742636826811278e-05,2674,10.80685043334961,0.8182744979858398,-34.317962646484375,-0.8823763728141785
1770,1025,87.02,62,178.20486934000002,64220,7.742636826811278e-05,2710,8.482834815979004,0.8161284327507019,-33.166160583496094,-0.8671736121177673
1780,1024,87.45,63,178.65887653000004,65180,7.742636826811278e-05,2758,6.909605026245117,0.8132738471031189,-34.42633056640625,-0.8579757809638977
1790,1021,87.62,64,179.72930552000003,65860,7.742636826811278e-05,2792,18.30913543701172,0.8112695813179016,-35.11927032470703,-0.8614323139190674
1800,1019,87.56,65,178.66010746999996,67040,7.742636826811278e-05,2851,3.009819984436035,0.8077961206436157,-36.462738037109375,-0.9354627728462219
1810,1018,87.96,66,179.34761918,67680,7.742636826811278e-05,2883,21.725391387939453,0.8059197068214417,-35.895751953125,-0.9048450589179993
1820,1016,87.19,67,177.80897571000006,68620,7.742636826811278e-05,2930,14.79086685180664,0.8031735420227051,-36.449363708496094,-0.9262588024139404
1830,1015,86.85,68,176.91718798000002,69240,7.742636826811278e-05,2961,6.469444751739502,0.8013830780982971,-36.644676208496094,-0.9007298350334167
1840,1013,85.32,69,172.65952848,70140,7.742636826811278e-05,3006,36.90116882324219,0.7987847328186035,-38.14305877685547,-0.9384012222290039
1850,1012,84.37,69,170.71851219,70880,7.742636826811278e-05,3043,20.461761474609375,0.79664546251297,-38.684776306152344,-0.926217794418335
1860,1012,84.24,70,170.04304451,71800,7.742636826811278e-05,3089,11.013989448547363,0.7939887642860413,-38.3792724609375,-0.9561761617660522
1870,1011,84.03,71,169.71265983,72520,7.742636826811278e-05,3125,31.08423614501953,0.7919071316719055,-38.0147590637207,-0.9498769640922546
1880,1010,83.86,72,169.25522421000002,73580,7.742636826811278e-05,3178,23.025737762451172,0.7888392210006714,-39.730674743652344,-0.959870457649231
1890,1009,83.83,73,168.69793473000001,74220,7.742636826811278e-05,3210,14.981971740722656,0.7869942784309387,-39.836124420166016,-1.0213472843170166
1900,1007,83.65,74,168.36135690999996,75340,7.742636826811278e-05,3266,15.592073440551758,0.7837826609611511,-41.215145111083984,-1.027538537979126
1910,1006,83.0,75,166.46519249999997,76000,7.742636826811278e-05,3299,14.972038269042969,0.7818937301635742,-40.754920959472656,-1.0105950832366943
1920,1005,83.77,76,168.22299272999996,77200,7.742636826811278e-05,3359,20.383163452148438,0.7784538865089417,-41.805076599121094,-1.0475596189498901
1930,1004,84.39,77,170.35988328,77780,7.742636826811278e-05,3388,34.07335662841797,0.7768008708953857,-42.11683654785156,-1.0462706089019775
1940,1003,85.48,78,174.07557750999996,78620,7.742636826811278e-05,3430,9.310888290405273,0.7744309902191162,-42.256168365478516,-1.055952787399292
1950,1002,86.22,79,176.00749456000005,79380,7.742636826811278e-05,3468,13.593172073364258,0.7722702026367188,-43.146724700927734,-1.1214475631713867
1960,1000,86.12,80,176.02608084999997,80220,7.742636826811278e-05,3510,12.874137878417969,0.7698901295661926,-43.85702896118164,-1.0760986804962158
1970,1000,86.58,81,178.09253425,81140,7.742636826811278e-05,3556,19.66605567932129,0.7672943472862244,-44.46379852294922,-1.1124718189239502
1980,998,86.78,82,179.40075542000005,82100,7.742636826811278e-05,3604,23.154525756835938,0.7645923495292664,-44.23719024658203,-1.0986156463623047
1990,998,87.09,82,180.86655444999997,82840,7.742636826811278e-05,3641,41.309295654296875,0.7625090479850769,-45.34882736206055,-1.1290884017944336
2000,997,87.32,84,182.23018957999994,83840,7.742636826811278e-05,3691,36.449424743652344,0.7596870064735413,-45.11221694946289,-1.1422970294952393
2010,996,87.64,84,183.51413843000003,84680,7.742636826811278e-05,3733,19.787113189697266,0.7573387026786804,-46.15520477294922,-1.118948221206665
2020,994,87.85,86,184.47127488,85680,7.742636826811278e-05,3783,20.803068161010742,0.7545557618141174,-47.05815124511719,-1.130791187286377
2030,993,87.35,87,183.76708782999998,86420,7.742636826811278e-05,3820,35.3682975769043,0.7525016665458679,-47.71858215332031,-1.0940451622009277
2040,992,87.77,88,184.84136765999995,87460,7.742636826811278e-05,3872,23.290752410888672,0.7496560215950012,-46.559776306152344,-1.2042559385299683
2050,991,87.74,88,184.81583751,88220,7.742636826811278e-05,3910,11.508331298828125,0.7475477457046509,-47.87226104736328,-1.1330101490020752
2060,990,88.37,90,186.54447814,89220,7.742636826811278e-05,3960,31.930370330810547,0.7447714805603027,-48.915367126464844,-1.2054414749145508
2070,990,88.36,90,186.65043020000002,90020,7.742636826811278e-05,4000,19.031780242919922,0.7425869703292847,-49.77264404296875,-1.225389003753662
2080,990,87.83,91,185.15539812999995,90840,7.742636826811278e-05,4041,31.485132217407227,0.7403203248977661,-47.99696731567383,-1.258926272392273
2090,989,88.04,92,185.82224425000004,91820,7.742636826811278e-05,4090,16.90190887451172,0.7376580834388733,-50.079071044921875,-1.201330304145813
2100,989,88.0,93,186.17782159,92600,7.742636826811278e-05,4129,43.68975067138672,0.7355338931083679,-50.392112731933594,-1.234130859375
2110,988,88.29,94,186.93225576,93600,7.742636826811278e-05,4179,36.565155029296875,0.7328182458877563,-50.86441421508789,-1.2022546529769897
2120,987,87.91,95,186.54972067,94320,7.742636826811278e-05,4215,3.1736629009246826,0.7308539152145386,-51.61284255981445,-1.2607368230819702
2130,986,87.98,96,186.62800647,95400,7.742636826811278e-05,4269,26.814807891845703,0.727940559387207,-50.934120178222656,-1.2627297639846802
2140,986,87.98,97,187.1487394,96100,7.742636826811278e-05,4304,8.200061798095703,0.7260666489601135,-52.204071044921875,-1.3119664192199707
2150,985,87.82,98,187.2638868,97060,7.742636826811278e-05,4352,34.12836837768555,0.7234911322593689,-52.36042022705078,-1.2874921560287476
2160,984,87.59,99,187.39800067000004,97940,7.742636826811278e-05,4396,18.024520874023438,0.7211159467697144,-52.47578430175781,-1.321967601776123
2170,984,87.78,100,187.97158928999997,98760,7.742636826811278e-05,4437,33.6181640625,0.7189272046089172,-53.907806396484375,-1.3449435234069824
2180,983,87.76,101,187.93608464000002,99740,7.742636826811278e-05,4486,30.023311614990234,0.7163239121437073,-52.91938400268555,-1.2765932083129883
2190,983,87.53,102,187.43609339,100540,7.742636826811278e-05,4526,13.228596687316895,0.7141779661178589,-54.92789840698242,-1.343503475189209
2200,982,87.7,103,187.80093497999994,101480,7.742636826811278e-05,4573,26.845767974853516,0.7116581797599792,-55.61261749267578,-1.3419785499572754
2210,982,87.35,104,187.46041402000003,102300,7.742636826811278e-05,4614,28.95827865600586,0.7094931602478027,-55.77018737792969,-1.415853500366211
2220,981,87.02,104,186.59328899999997,103060,7.742636826811278e-05,4652,43.09806823730469,0.707500159740448,-55.98096466064453,-1.3714191913604736
2230,980,86.62,106,185.63183662,104020,7.742636826811278e-05,4700,30.559772491455078,0.704987108707428,-56.17113494873047,-1.3405115604400635
2240,980,86.53,106,185.44054154999998,104700,7.742636826811278e-05,4734,32.40729522705078,0.703212559223175,-57.36111068725586,-1.4218107461929321
2250,979,86.7,107,185.81666318999999,105760,7.742636826811278e-05,4787,31.199533462524414,0.7004475593566895,-57.15631866455078,-1.4386969804763794
2260,979,86.55,108,185.48448623000002,106440,7.742636826811278e-05,4821,32.51631164550781,0.698682427406311,-56.188167572021484,-1.3800432682037354
2270,978,86.46,109,185.09774887999995,107520,7.742636826811278e-05,4875,35.26765823364258,0.6958670020103455,-58.08488464355469,-1.4478362798690796
2280,978,86.76,110,186.18971919,108280,7.742636826811278e-05,4913,26.31100845336914,0.6938722133636475,-58.851806640625,-1.4362021684646606
2290,977,87.0,111,187.004155,109240,7.742636826811278e-05,4961,57.26813507080078,0.6913544535636902,-57.896636962890625,-1.5158982276916504
2300,976,87.13,112,187.18602923999998,110040,7.742636826811278e-05,5001,77.78539276123047,0.6892675161361694,-59.77996063232422,-1.4890165328979492
2310,976,87.46,113,187.68806238000002,111060,7.742636826811278e-05,5052,59.39484405517578,0.6866286396980286,-59.2330322265625,-1.4665110111236572
2320,975,87.63,114,188.44700986,111740,7.742636826811278e-05,5086,31.12349510192871,0.6848778128623962,-60.686866760253906,-1.4714152812957764
2330,974,88.06,115,189.60479588,112800,7.742636826811278e-05,5139,42.80699157714844,0.682168185710907,-60.96703338623047,-1.5750964879989624
2340,974,88.02,116,189.30276385000002,113420,7.742636826811278e-05,5170,31.470355987548828,0.6805700659751892,-60.54597473144531,-1.4956825971603394
2350,973,88.21,117,190.00378393999995,114620,7.742636826811278e-05,5230,23.287120819091797,0.6774875521659851,-61.461143493652344,-1.5076653957366943
2360,973,88.36,118,190.37880921,115160,7.742636826811278e-05,5257,38.783599853515625,0.6760964393615723,-62.68817138671875,-1.5636098384857178
2370,972,88.25,119,190.23858964000001,116400,7.742636826811278e-05,5319,15.659469604492188,0.672937273979187,-62.15519332885742,-1.5318009853363037
2380,971,88.07,120,189.70641049000002,116920,7.742636826811278e-05,5345,26.02361297607422,0.6716285347938538,-63.16184997558594,-1.5603206157684326
2390,971,87.9,121,189.25164243,118140,7.742636826811278e-05,5406,35.065582275390625,0.668542742729187,-62.74665451049805,-1.574742317199707
2400,971,87.84,122,189.60049032000003,118700,7.742636826811278e-05,5434,43.84264373779297,0.6671152710914612,-62.69124984741211,-1.6174776554107666
2410,970,87.61,123,189.44532745,119900,7.742636826811278e-05,5494,8.341081619262695,0.6640764474868774,-65.00601959228516,-1.6261327266693115
2420,970,87.89,124,189.83081485,120500,7.742636826811278e-05,5524,21.363056182861328,0.662550687789917,-64.11554718017578,-1.6294680833816528
2430,970,87.93,125,189.92170657999998,121660,7.742636826811278e-05,5582,29.294185638427734,0.6596121788024902,-64.22908020019531,-1.5674124956130981
2440,970,87.96,126,190.22618655999997,122280,7.742636826811278e-05,5613,16.222984313964844,0.6580594778060913,-64.90287017822266,-1.637455940246582
2450,969,87.86,127,189.87705852999997,123440,7.742636826811278e-05,5671,10.094657897949219,0.6551662087440491,-66.10035705566406,-1.7178256511688232
2460,968,87.54,127,189.02394627,124020,7.742636826811278e-05,5700,81.36128234863281,0.6537207365036011,-64.99128723144531,-1.692886471748352
2470,968,87.64,129,189.45457565999996,125260,7.742636826811278e-05,5762,6.254697799682617,0.6506814360618591,-66.30845642089844,-1.6477317810058594
2480,968,87.66,129,189.40311908,125740,7.742636826811278e-05,5786,28.258934020996094,0.6495097875595093,-66.54451751708984,-1.700286865234375
2490,967,87.52,131,189.28644323,126940,7.742636826811278e-05,5846,45.1165771484375,0.6465665698051453,-67.05323791503906,-1.6271518468856812
2500,967,87.37,131,188.91904186,127440,7.742636826811278e-05,5871,41.63972854614258,0.6453496813774109,-66.82682037353516,-1.6505303382873535
2510,967,87.7,133,189.60939280000002,128740,7.742636826811278e-05,5936,27.58631706237793,0.6421617865562439,-69.65609741210938,-1.7230916023254395
2520,967,87.61,133,189.54507370000002,129180,7.742636826811278e-05,5958,46.75563049316406,0.6410857439041138,-67.38385772705078,-1.7198611497879028
2530,967,87.63,134,189.90309498000002,130560,7.742636826811278e-05,6027,10.995475769042969,0.6377766132354736,-68.51985168457031,-1.8092424869537354
2540,967,87.51,135,189.45650003000003,130940,7.742636826811278e-05,6046,36.3476448059082,0.6368637681007385,-69.76959228515625,-1.7787989377975464
2550,966,87.62,136,189.62833009999997,132400,7.742636826811278e-05,6119,28.134111404418945,0.6333103775978088,-69.77174377441406,-1.7940934896469116
2560,966,88.22,137,191.07711768000001,132700,7.742636826811278e-05,6134,66.94239807128906,0.6325861811637878,-70.00945281982422,-1.7662018537521362
2570,966,88.39,138,191.14955905,134160,7.742636826811278e-05,6207,27.488567352294922,0.6290907263755798,-69.13541412353516,-1.7314767837524414
2580,965,88.49,139,191.60152237999998,134500,7.742636826811278e-05,6224,28.73236083984375,0.6282827854156494,-70.333984375,-1.8558577299118042
2590,964,88.74,140,191.99765674999995,135900,7.742636826811278e-05,6294,30.778907775878906,0.6249415278434753,-70.85026550292969,-1.7819597721099854
2600,964,88.92,141,192.33464996000004,136420,7.742636826811278e-05,6320,30.93499755859375,0.6236981153488159,-70.15470886230469,-1.8585078716278076
2610,964,89.04,142,192.53373405,137680,7.742636826811278e-05,6383,27.091571807861328,0.6207186579704285,-70.46775817871094,-1.8044285774230957
2620,963,89.11,143,192.81117258999998,138200,7.742636826811278e-05,6409,47.61787414550781,0.6195116639137268,-71.24134826660156,-1.8632709980010986
2630,961,89.05,145,192.51830648999996,139460,7.742636826811278e-05,6472,45.162593841552734,0.6165868043899536,-70.04444885253906,-1.7992355823516846
2640,961,89.27,145,193.18579741000002,139940,7.742636826811278e-05,6496,52.85889434814453,0.6154667139053345,-72.3885269165039,-1.8451040983200073
2650,960,89.03,147,192.97366005999996,141260,7.742636826811278e-05,6562,32.896400451660156,0.6124060750007629,-71.85997009277344,-1.872756004333496
2660,960,89.01,147,192.97250463999998,141740,7.742636826811278e-05,6586,69.043701171875,0.6113013029098511,-71.34469604492188,-1.9028587341308594
2670,960,89.01,148,193.30039487000002,143060,7.742636826811278e-05,6652,77.58007049560547,0.6082736253738403,-73.07630920410156,-1.8676495552062988
2680,960,89.06,149,193.49757304000002,143540,7.742636826811278e-05,6676,40.55998992919922,0.6071733832359314,-74.30137634277344,-1.9292309284210205
2690,960,89.16,150,193.97549784999998,144880,7.742636826811278e-05,6743,20.23098373413086,0.604101300239563,-72.70497131347656,-1.916774034500122
2700,960,89.21,151,194.04725896,145400,7.742636826811278e-05,6769,14.400544166564941,0.6029167771339417,-73.22005462646484,-1.9229421615600586
2710,959,89.1,152,193.88292645,146620,7.742636826811278e-05,6830,51.56162643432617,0.6001431941986084,-74.41291809082031,-1.8158483505249023
2720,958,89.07,153,193.91323429000008,147180,7.742636826811278e-05,6858,39.28472137451172,0.5988695025444031,-74.23866271972656,-1.8089230060577393
2730,957,89.17,155,194.30522506999998,148380,7.742636826811278e-05,6918,41.89934539794922,0.5961758494377136,-75.5789566040039,-1.9516922235488892
2740,957,89.17,155,194.65029328,148980,7.742636826811278e-05,6948,24.982608795166016,0.5948259830474854,-76.54481506347656,-2.089026927947998
2750,957,89.34,156,194.91524895999999,150160,7.742636826811278e-05,7007,79.40016174316406,0.5921630859375,-75.56816864013672,-2.061469316482544
2760,956,89.28,157,194.94900306,150780,7.742636826811278e-05,7038,101.36711120605469,0.5907765030860901,-76.20480346679688,-1.8899059295654297
2770,955,89.34,158,195.0521975,151940,7.742636826811278e-05,7096,62.278221130371094,0.5881707072257996,-76.15245819091797,-2.0262436866760254
2780,955,89.57,159,195.58124796,152660,7.742636826811278e-05,7132,30.186662673950195,0.5865552425384521,-78.00926208496094,-1.9830522537231445
2790,954,89.76,161,195.98086207000003,153680,7.742636826811278e-05,7183,21.340404510498047,0.5842958688735962,-76.21592712402344,-2.067521333694458
2800,953,89.98,162,196.86330416000004,154560,7.742636826811278e-05,7227,41.715850830078125,0.5823466181755066,-78.06744384765625,-2.0156607627868652
2810,953,89.87,163,196.75134389,155540,7.742636826811278e-05,7276,29.10028076171875,0.580202579498291,-77.2226333618164,-2.007580280303955
2820,953,90.02,163,197.11612977999994,156320,7.742636826811278e-05,7315,17.028072357177734,0.5784863829612732,-78.80758666992188,-2.1025757789611816
2830,953,90.19,164,197.19279436999997,157280,7.742636826811278e-05,7363,70.36396789550781,0.576359748840332,-78.82162475585938,-2.017059087753296
2840,953,90.42,165,197.7413792,158140,7.742636826811278e-05,7406,7.241788864135742,0.574458658695221,-79.15812683105469,-2.080310106277466
2850,953,90.85,166,198.68823586000002,159120,7.742636826811278e-05,7455,7.028870582580566,0.5723055005073547,-79.76065063476562,-2.113511562347412
2860,953,91.04,167,199.08441604,159940,7.742636826811278e-05,7496,29.1739559173584,0.5705199241638184,-78.76402282714844,-2.103147268295288
2870,953,91.11,168,199.37145963000003,160980,7.742636826811278e-05,7548,25.36846923828125,0.5682615637779236,-79.92581176757812,-2.164029121398926
2880,953,90.99,169,199.10751912,161720,7.742636826811278e-05,7585,72.74401092529297,0.5666622519493103,-78.53787231445312,-2.1118154525756836
2890,953,90.86,170,198.94366566,162760,7.742636826811278e-05,7637,86.86553955078125,0.5644174814224243,-79.74076843261719,-2.082287311553955
2900,953,90.61,171,198.19614443999998,163500,7.742636826811278e-05,7674,28.381391525268555,0.5628300905227661,-80.44637298583984,-2.060969591140747
2910,953,90.92,172,199.07748134000005,164580,7.742636826811278e-05,7728,41.998435974121094,0.5605087280273438,-80.02157592773438,-2.219552993774414
2920,953,91.41,173,200.54714126000002,165360,7.742636826811278e-05,7767,41.737586975097656,0.5588394403457642,-81.76531219482422,-2.1332616806030273
2930,952,91.57,174,201.31014091,166440,7.742636826811278e-05,7821,9.592216491699219,0.5565458536148071,-82.29398345947266,-2.311612606048584
2940,951,91.73,175,201.55919307999997,167380,7.742636826811278e-05,7868,4.308835983276367,0.5545628070831299,-82.21403503417969,-2.325294256210327
2950,951,91.65,176,201.64669553,168340,7.742636826811278e-05,7916,25.57436752319336,0.552544891834259,-81.44363403320312,-2.1909914016723633
2960,951,91.57,177,201.55809974,169220,7.742636826811278e-05,7960,20.72658920288086,0.5507109761238098,-82.13362884521484,-2.2631168365478516
2970,950,91.71,179,202.22242444000003,170240,7.742636826811278e-05,8011,80.65373229980469,0.5485775470733643,-79.6798095703125,-2.190196990966797
2980,950,91.96,179,202.98787363,171060,7.742636826811278e-05,8052,27.380184173583984,0.546886146068573,-81.509765625,-2.3638620376586914
2990,951,92.32,180,204.04201505999998,172120,7.742636826811278e-05,8105,6.445634841918945,0.5447045564651489,-84.4730453491211,-2.3401598930358887
3000,951,92.75,181,205.37160516000003,172940,7.742636826811278e-05,8146,13.212465286254883,0.5430170297622681,-82.71708679199219,-2.3172357082366943
3010,950,93.01,183,206.25797661000001,174000,7.742636826811278e-05,8199,111.26581573486328,0.5408315658569336,-82.00390625,-2.340228319168091
3020,950,93.04,183,206.1831641,174880,7.742636826811278e-05,8243,35.65757751464844,0.5390301942825317,-84.97915649414062,-2.245497941970825
3030,950,93.08,185,206.3865568,175860,7.742636826811278e-05,8292,31.235618591308594,0.5370451211929321,-85.72164916992188,-2.3535044193267822
3040,950,92.93,185,206.40569216,176700,7.742636826811278e-05,8334,25.903282165527344,0.535333514213562,-84.47642517089844,-2.3106420040130615
3050,949,92.99,187,206.66072337000003,177700,7.742636826811278e-05,8384,69.0997085571289,0.5333166718482971,-83.55786895751953,-2.3409297466278076
3060,949,93.43,187,207.96646611000003,178500,7.742636826811278e-05,8424,33.381507873535156,0.5316836833953857,-85.60289001464844,-2.321941375732422
3070,949,93.65,189,208.50791308,179580,7.742636826811278e-05,8478,30.57220458984375,0.5295081734657288,-85.34774780273438,-2.439302444458008
3080,949,93.91,189,209.13626488999995,180400,7.742636826811278e-05,8519,39.241241455078125,0.5278571248054504,-86.47264099121094,-2.3860983848571777
3090,949,93.87,191,209.06434095999998,181500,7.742636826811278e-05,8574,13.13929271697998,0.5256590247154236,-86.48066711425781,-2.385714530944824
3100,949,93.91,192,208.92831219000007,182320,7.742636826811278e-05,8615,43.860931396484375,0.5240296721458435,-87.39009094238281,-2.4173061847686768
3110,949,94.07,193,209.3155953,183440,7.742636826811278e-05,8671,50.6955451965332,0.5218242406845093,-89.11226654052734,-2.281877279281616
3120,949,93.81,194,208.91924572999997,184180,7.742636826811278e-05,8708,56.84617614746094,0.520369827747345,-84.94915771484375,-2.4733214378356934
3130,948,93.65,195,208.42605876000005,185280,7.742636826811278e-05,8763,42.32402801513672,0.5182100534439087,-85.83329772949219,-2.586638927459717
3140,948,93.8,196,208.76191530000003,186100,7.742636826811278e-05,8804,117.57492065429688,0.5166029334068298,-85.24139404296875,-2.5206661224365234
3150,948,94.09,197,209.62959904,187180,7.742636826811278e-05,8858,16.899166107177734,0.5145015120506287,-85.23486328125,-2.378039836883545
3160,947,93.9,198,209.15913638,187940,7.742636826811278e-05,8896,35.03752899169922,0.5130210518836975,-88.11656951904297,-2.415966510772705
3170,947,93.93,199,209.28145045000002,189080,7.742636826811278e-05,8953,121.30735778808594,0.5108190774917603,-87.25531768798828,-2.344761848449707
3180,947,94.1,200,209.95287782,189960,7.742636826811278e-05,8997,18.146358489990234,0.5091356039047241,-88.97334289550781,-2.5060477256774902
3190,947,94.48,201,210.99671678,191020,7.742636826811278e-05,9050,35.141517639160156,0.5071035623550415,-87.93392944335938,-2.419553756713867
3200,947,94.87,202,212.31928354,191860,7.742636826811278e-05,9092,9.96876335144043,0.5055064558982849,-88.32015228271484,-2.5851848125457764
3210,947,94.84,203,212.40785614999996,192920,7.742636826811278e-05,9145,48.4010009765625,0.5034898519515991,-87.3263168334961,-2.3894331455230713
3220,947,95.31,204,213.88827285,193820,7.742636826811278e-05,9190,22.530630111694336,0.5017833709716797,-89.6190185546875,-2.4520978927612305
3230,947,95.68,205,215.168719,194760,7.742636826811278e-05,9237,45.77986145019531,0.5000081062316895,-89.61469268798828,-2.5228774547576904
3240,947,95.82,206,215.81667710000002,195680,7.742636826811278e-05,9283,45.415435791015625,0.4982623755931854,-89.48483276367188,-2.4796924591064453
3250,947,95.99,207,216.53172947000002,196760,7.742636826811278e-05,9337,19.856842041015625,0.49621155858039856,-86.95944213867188,-2.524156093597412
3260,946,96.73,208,218.61808350000004,197680,7.742636826811278e-05,9383,15.428812026977539,0.494473934173584,-90.60853576660156,-2.6122660636901855
3270,946,97.35,210,220.34937838999997,198880,7.742636826811278e-05,9443,12.387215614318848,0.4922199845314026,-91.9438705444336,-2.58622407913208
3280,946,97.84,210,221.47232379999997,199680,7.742636826811278e-05,9483,11.72989559173584,0.49071744084358215,-88.03030395507812,-2.623270034790039
3290,945,98.15,212,222.53601644,200760,7.742636826811278e-05,9537,60.72833251953125,0.4887155592441559,-92.86598205566406,-2.5075864791870117
3300,944,98.41,213,222.93874174,201720,7.742636826811278e-05,9585,26.671409606933594,0.48693186044692993,-91.88980865478516,-2.6482529640197754
3310,944,98.83,214,224.16524641,202740,7.742636826811278e-05,9636,17.382190704345703,0.48505139350891113,-92.41424560546875,-2.629621744155884
3320,944,98.53,215,223.40038145000003,203600,7.742636826811278e-05,9679,43.28202819824219,0.48347342014312744,-91.9610595703125,-2.6061477661132812
3330,944,99.01,216,224.82191135000002,204800,7.742636826811278e-05,9739,73.8796615600586,0.4812716543674469,-92.81437683105469,-2.6998534202575684
3340,943,99.45,217,225.99235529999999,205580,7.742636826811278e-05,9778,24.79638671875,0.47984543442726135,-94.04673767089844,-2.633549690246582
3350,943,99.78,219,226.74619730000003,206720,7.742636826811278e-05,9835,5.797198295593262,0.4777708053588867,-91.46678161621094,-2.5881471633911133
3360,942,99.64,220,226.39090289,207540,7.742636826811278e-05,9876,33.36652374267578,0.4762882888317108,-92.11532592773438,-2.7989115715026855
3370,942,99.76,221,226.88149028000004,208760,7.742636826811278e-05,9937,46.21931457519531,0.4740944802761078,-91.76113891601562,-2.6975743770599365
3380,941,99.91,222,227.77743232000003,209540,7.742636826811278e-05,9976,51.56739044189453,0.47270113229751587,-89.15892028808594,-2.6029725074768066
3390,941,100.03,223,228.2646893,210740,7.742636826811278e-05,10036,34.72511291503906,0.4705437421798706,-91.62093353271484,-2.556856155395508
3400,940,100.0,224,228.64560888000003,211620,7.742636826811278e-05,10080,31.10909652709961,0.46896764636039734,-93.26481628417969,-2.664422035217285
3410,940,100.07,226,229.08538291999997,212820,7.742636826811278e-05,10140,8.316397666931152,0.4668256938457489,-93.47665405273438,-2.7992663383483887
3420,940,101.0,227,231.67764233000003,213780,7.742636826811278e-05,10188,8.464441299438477,0.46512293815612793,-91.77522277832031,-2.659538745880127
3430,940,101.14,228,232.22375492,214840,7.742636826811278e-05,10241,50.36992645263672,0.46325910091400146,-94.57078552246094,-2.7173123359680176
3440,940,101.34,229,232.85151066000006,215740,7.742636826811278e-05,10286,69.82035827636719,0.4616760015487671,-94.46429443359375,-2.799799680709839
3450,940,101.34,230,233.24324833,216840,7.742636826811278e-05,10341,42.90525817871094,0.45976415276527405,-97.97166442871094,-2.8667750358581543
3460,939,101.65,231,234.37146544000004,217820,7.742636826811278e-05,10390,35.03003692626953,0.45805859565734863,-95.72471618652344,-2.766812801361084
3470,939,101.93,233,235.17519236999996,218840,7.742636826811278e-05,10441,16.224302291870117,0.45629364252090454,-97.49847412109375,-2.958970785140991
3480,938,102.12,234,235.33785901999997,219960,7.742636826811278e-05,10497,23.674976348876953,0.4543682932853699,-93.29557800292969,-2.6890528202056885
3490,938,102.33,235,235.78384581000003,220980,7.742636826811278e-05,10548,8.88618278503418,0.45263126492500305,-91.81380462646484,-2.8214774131774902
3500,938,102.97,236,237.76262318000005,222060,7.742636826811278e-05,10602,20.916812896728516,0.45079395174980164,-97.0443344116211,-2.7867591381073
3510,938,103.74,237,239.52525918,223120,7.742636826811278e-05,10655,5.559623718261719,0.4489920735359192,-95.95880126953125,-2.825209140777588
3520,937,103.87,238,239.93717879999997,224100,7.742636826811278e-05,10704,62.197608947753906,0.4473327100276947,-94.14495849609375,-2.7139458656311035
3530,938,104.02,240,240.53526031,225280,7.742636826811278e-05,10763,31.315589904785156,0.44536203145980835,-98.02825927734375,-3.0455408096313477
3540,938,104.36,240,241.68464554000002,226180,7.742636826811278e-05,10808,45.17963409423828,0.44385382533073425,-96.36436462402344,-2.7496275901794434
3550,939,104.53,241,242.18909152999993,227320,7.742636826811278e-05,10865,14.073427200317383,0.44195207953453064,-96.48558807373047,-2.938589096069336
3560,940,104.45,242,242.03448154,228220,7.742636826811278e-05,10910,60.23567199707031,0.4404580295085907,-96.0924072265625,-2.849700450897217
3570,940,104.11,243,241.41186261,229360,7.742636826811278e-05,10967,8.586912155151367,0.43856775760650635,-96.18389892578125,-2.814771890640259
3580,941,103.97,244,241.45499917,230260,7.742636826811278e-05,11012,20.487228393554688,0.43708616495132446,-97.0805892944336,-2.9386730194091797
3590,941,103.84,245,241.3563237,231380,7.742636826811278e-05,11068,13.167146682739258,0.4352332651615143,-99.43678283691406,-3.0470404624938965
3600,942,103.66,246,241.05467578,232340,7.742636826811278e-05,11116,6.876668930053711,0.4336492121219635,-99.41790771484375,-3.041975975036621
3610,942,103.12,247,240.03186941999996,233460,7.742636826811278e-05,11172,43.376747131347656,0.43181461095809937,-98.27349090576172,-2.8855299949645996
3620,943,102.98,248,239.76944638000003,234360,7.742636826811278e-05,11217,22.24032974243164,0.4303496479988098,-100.39949798583984,-3.0514631271362305
3630,943,103.02,249,239.80660029000003,235600,7.742636826811278e-05,11279,45.4493408203125,0.4283373951911926,-102.67868041992188,-2.9226181507110596
3640,943,103.16,250,240.15518980000002,236460,7.742636826811278e-05,11322,45.1295280456543,0.42696648836135864,-100.953369140625,-2.6898317337036133
3650,944,103.53,251,241.40925979,237660,7.742636826811278e-05,11382,59.68423080444336,0.4250430464744568,-97.21118927001953,-2.8772964477539062
3660,944,104.03,252,243.00093146,238660,7.742636826811278e-05,11432,47.0416259765625,0.4234488606452942,-101.00115966796875,-3.053769826889038
3670,944,105.03,253,245.93751737000002,239860,7.742636826811278e-05,11492,22.950729370117188,0.421551913022995,-101.56094360351562,-2.925605297088623
3680,945,105.43,254,247.33375282999998,240840,7.742636826811278e-05,11541,51.18510437011719,0.4200022220611572,-99.73919677734375,-2.851548194885254
3690,945,106.08,255,248.99580395999993,242000,7.742636826811278e-05,11599,23.493328094482422,0.41817402839660645,-100.97640228271484,-2.9909543991088867
3700,945,106.26,256,249.75226578,243040,7.742636826811278e-05,11651,38.063575744628906,0.416530966758728,-100.63275146484375,-3.0392799377441406
3710,946,107.05,258,251.92372026,244220,7.742636826811278e-05,11710,9.427568435668945,0.4146822690963745,-100.62489318847656,-2.993605852127075
3720,946,107.94,259,254.73343644,245380,7.742636826811278e-05,11768,40.31547546386719,0.41287150979042053,-100.71194458007812,-2.971447229385376
3730,947,108.6,260,256.59154770000004,246460,7.742636826811278e-05,11822,25.453184127807617,0.4111979603767395,-99.74785614013672,-3.0443592071533203
3740,948,109.2,260,258.28716422,247540,7.742636826811278e-05,11876,72.68202209472656,0.40951842069625854,-101.37785339355469,-3.2327051162719727
3750,949,109.55,261,259.19613817000004,248580,7.742636826811278e-05,11928,25.41242027282715,0.40789204835891724,-103.36528015136719,-3.0879106521606445
3760,950,110.33,262,261.54246919,249800,7.742636826811278e-05,11989,60.349388122558594,0.4059980809688568,-102.61559295654297,-3.0590248107910156
3770,950,110.39,263,261.61585486999996,250900,7.742636826811278e-05,12044,22.258014678955078,0.4042949080467224,-102.97992706298828,-3.17201566696167
3780,951,110.65,264,262.65039906000004,251940,7.742636826811278e-05,12096,73.14486694335938,0.40269818902015686,-99.52635192871094,-3.0041675567626953
3790,952,111.06,265,264.06118097,253180,7.742636826811278e-05,12158,73.39488220214844,0.40081024169921875,-101.00907897949219,-3.004732131958008
3800,953,111.01,266,263.83693875000006,254140,7.742636826811278e-05,12206,12.687437057495117,0.39936336874961853,-103.64501953125,-3.1237573623657227
3810,954,111.07,267,264.22710254,255380,7.742636826811278e-05,12268,10.817840576171875,0.3975007236003876,-100.52249908447266,-3.0076587200164795
3820,954,110.98,268,264.15785073,256360,7.742636826811278e-05,12317,14.2041015625,0.39602887630462646,-106.46280670166016,-3.286571979522705
3830,955,110.96,269,264.28036224000004,257520,7.742636826811278e-05,12375,37.82490539550781,0.39430075883865356,-104.82293701171875,-3.2347097396850586
3840,956,111.25,270,265.33562710999996,258660,7.742636826811278e-05,12432,152.0880126953125,0.39261099696159363,-108.5825424194336,-3.1594133377075195
3850,957,111.82,271,266.8987912,259840,7.742636826811278e-05,12491,80.20448303222656,0.39084550738334656,-102.49044036865234,-2.888601303100586
3860,958,111.79,272,266.79239051,260960,7.742636826811278e-05,12547,22.135536193847656,0.38919880986213684,-104.67709350585938,-3.102132797241211
3870,959,111.93,273,267.45761827000007,262120,7.742636826811278e-05,12605,19.71061897277832,0.3874995708465576,-106.73271942138672,-3.1921980381011963
3880,960,112.25,274,268.29223927,263320,7.742636826811278e-05,12665,57.90053939819336,0.3857448697090149,-105.11618041992188,-3.2238073348999023
3890,960,112.38,275,268.55650158,264360,7.742636826811278e-05,12717,5.218739986419678,0.38420572876930237,-106.63932800292969,-3.6060328483581543
3900,961,112.92,276,270.46904086999996,265440,7.742636826811278e-05,12771,67.2938003540039,0.3826219141483307,-100.55772399902344,-3.2291667461395264
3910,962,113.19,277,271.48099670000005,266720,7.742636826811278e-05,12835,59.37860870361328,0.3807796835899353,-104.66275024414062,-3.29099178314209
3920,962,113.58,278,272.23328554999995,267820,7.742636826811278e-05,12890,14.797069549560547,0.3792063891887665,-105.54396057128906,-3.2354705333709717
3930,963,113.81,279,272.84904940999996,268880,7.742636826811278e-05,12943,48.64181137084961,0.3776981830596924,-105.46199035644531,-3.3196187019348145
3940,963,113.45,280,272.05040959999997,270020,7.742636826811278e-05,13000,6.845531463623047,0.37608277797698975,-106.31880187988281,-3.1745967864990234
3950,964,113.44,281,272.57295802,271180,7.742636826811278e-05,13058,66.05781555175781,0.37443360686302185,-109.11093139648438,-3.340761184692383
3960,965,113.46,282,272.59231746999995,272220,7.742636826811278e-05,13110,34.60556411743164,0.3729606568813324,-103.91222381591797,-3.366834878921509
3970,966,113.47,283,272.76184712,273460,7.742636826811278e-05,13172,51.498905181884766,0.3712226152420044,-108.76505279541016,-3.4235405921936035
3980,966,113.61,284,273.14020432,274600,7.742636826811278e-05,13229,66.12699890136719,0.36961591243743896,-107.94344329833984,-3.3406014442443848
3990,967,114.26,285,275.25381331999995,275960,7.742636826811278e-05,13297,65.67085266113281,0.36774972081184387,-105.98164367675781,-3.370544910430908
4000,968,114.9,286,276.21544890999996,277000,7.742636826811278e-05,13349,50.820213317871094,0.3663104772567749,-109.79581451416016,-3.452694892883301
4010,969,115.37,287,276.67929223000004,278520,7.742636826811278e-05,13425,6.911294937133789,0.3641980290412903,-106.04167175292969,-3.3854470252990723
4020,969,115.39,288,276.89248947,279320,7.742636826811278e-05,13465,60.10099792480469,0.3631080389022827,-108.55824279785156,-3.276195526123047
4030,970,115.99,289,278.40112144,280920,7.742636826811278e-05,13545,38.02324676513672,0.3609136641025543,-107.84844207763672,-3.3904666900634766
4040,971,116.63,290,279.7696914,281700,7.742636826811278e-05,13584,84.42436218261719,0.35985976457595825,-108.73223114013672,-3.2862741947174072
4050,972,117.33,291,281.40615305999995,283200,7.742636826811278e-05,13659,39.555850982666016,0.35784271359443665,-108.34825134277344,-3.2323169708251953
4060,972,117.98,292,283.0442388,284000,7.742636826811278e-05,13699,6.830880641937256,0.3567730784416199,-106.23281860351562,-3.337808609008789
4070,973,118.68,293,284.73583615999996,285540,7.742636826811278e-05,13776,12.648612976074219,0.3547075390815735,-109.01776123046875,-3.464637517929077
4080,973,119.11,294,285.95357895999996,286320,7.742636826811278e-05,13815,84.64542388916016,0.35366174578666687,-105.29681396484375,-3.483304262161255
4090,974,119.12,295,285.95157149000005,287920,7.742636826811278e-05,13895,91.28868103027344,0.35152825713157654,-108.72222900390625,-3.354231357574463
4100,974,118.83,296,285.8191895,288620,7.742636826811278e-05,13930,36.95489501953125,0.35060417652130127,-110.52574920654297,-3.61458683013916
4110,975,118.62,297,286.08291098,290320,7.742636826811278e-05,14015,7.604643821716309,0.3483520448207855,-110.90908813476562,-3.474177122116089
4120,975,118.65,298,286.32397441000006,290920,7.742636826811278e-05,14045,3.411365032196045,0.347564697265625,-110.28274536132812,-3.532752513885498
4130,976,118.56,299,286.43567634000004,292640,7.742636826811278e-05,14131,55.03382873535156,0.34535858035087585,-105.31605529785156,-3.278831958770752
4140,977,118.49,300,286.51822828999997,293340,7.742636826811278e-05,14166,23.77391815185547,0.3444598317146301,-113.69921875,-3.638927698135376
4150,977,118.27,301,285.75169854999996,295020,7.742636826811278e-05,14250,8.655847549438477,0.34231558442115784,-111.56294250488281,-3.3235459327697754
4160,978,117.9,302,285.18840690999997,295660,7.742636826811278e-05,14282,48.40620040893555,0.34149807691574097,-109.05305480957031,-3.3776535987854004
4170,979,117.49,303,284.37594365999996,297360,7.742636826811278e-05,14367,7.976241111755371,0.3393072485923767,-107.98871612548828,-3.505746364593506
4180,979,117.5,304,284.85671289000004,298100,7.742636826811278e-05,14404,7.668666362762451,0.3383582532405853,-111.30978393554688,-3.343109607696533
4190,980,117.4,305,284.59294465000005,299720,7.742636826811278e-05,14485,14.835700988769531,0.336294949054718,-108.33218383789062,-3.550387144088745
4200,980,117.39,306,284.47535904000006,300500,7.742636826811278e-05,14524,60.226409912109375,0.3353134095668793,-111.35916900634766,-3.3019766807556152
4210,981,117.49,307,284.93792657,302020,7.742636826811278e-05,14600,80.53724670410156,0.3334132134914398,-112.60771179199219,-3.7304153442382812
4220,981,117.95,308,286.233391,303020,7.742636826811278e-05,14650,41.68130874633789,0.3321608603000641,-112.29605102539062,-3.4254589080810547
4230,982,118.25,309,286.94307217,304480,7.742636826811278e-05,14723,49.19150161743164,0.3303541839122772,-110.76622009277344,-3.482290506362915
4240,983,118.38,310,287.61487970999997,305400,7.742636826811278e-05,14769,40.353538513183594,0.3292105495929718,-112.94440460205078,-3.53482723236084
4250,984,118.32,311,287.59527524000003,306880,7.742636826811278e-05,14843,9.523581504821777,0.3274049460887909,-108.16761779785156,-3.5409581661224365
4260,984,118.48,312,287.99628708000006,307740,7.742636826811278e-05,14886,71.15510559082031,0.32635173201560974,-110.50384521484375,-3.5625147819519043
4270,985,118.88,313,288.74376676,309340,7.742636826811278e-05,14966,18.95153045654297,0.3244030773639679,-112.17513275146484,-3.292955160140991
4280,985,119.1,314,289.09690538,310160,7.742636826811278e-05,15007,80.11216735839844,0.32342562079429626,-111.55154418945312,-3.4446377754211426
4290,986,119.29,316,289.64891496,311760,7.742636826811278e-05,15087,38.986717224121094,0.3214770257472992,-111.89785766601562,-3.559769868850708
4300,986,119.65,316,290.55462729,312560,7.742636826811278e-05,15127,11.962081909179688,0.32050415873527527,-113.26781463623047,-3.468315839767456
4310,987,119.78,318,290.62679426,314120,7.742636826811278e-05,15205,49.02264404296875,0.3186224400997162,-113.01685333251953,-3.5545814037323
4320,987,119.63,318,290.52191041000003,314920,7.742636826811278e-05,15245,12.616641998291016,0.31768226623535156,-112.4176025390625,-3.730670928955078
4330,988,119.99,320,291.19846665000006,316620,7.742636826811278e-05,15330,64.17051696777344,0.3156745433807373,-115.02467346191406,-3.584627866744995
4340,988,120.21,321,291.07121264999995,317360,7.742636826811278e-05,15367,52.448387145996094,0.314797580242157,-112.71015167236328,-3.512068748474121
4350,989,120.41,322,291.81965701,319040,7.742636826811278e-05,15451,48.628082275390625,0.31280678510665894,-113.92035675048828,-3.6017708778381348
4360,989,120.59,323,292.17522747,319840,7.742636826811278e-05,15491,7.410571098327637,0.3118686378002167,-113.05011749267578,-3.3014259338378906
4370,990,120.69,324,292.73051248999997,321440,7.742636826811278e-05,15571,93.12590026855469,0.3100212514400482,-115.36858367919922,-3.60507869720459
4380,990,120.82,325,293.07662345999995,322260,7.742636826811278e-05,15612,7.008033752441406,0.30907151103019714,-116.51445770263672,-3.7154760360717773
4390,991,121.05,326,293.34974638000006,323860,7.742636826811278e-05,15692,6.632441520690918,0.30725088715553284,-114.29194641113281,-3.5000758171081543
4400,992,121.46,327,294.23177265999993,324700,7.742636826811278e-05,15734,50.24982452392578,0.3063174784183502,-109.96174621582031,-3.4468886852264404
4410,992,121.85,328,295.0205629,326300,7.742636826811278e-05,15814,51.75152587890625,0.30451589822769165,-114.47855377197266,-3.4583499431610107
4420,993,122.24,329,296.09054778000007,327140,7.742636826811278e-05,15856,22.865036010742188,0.3035561144351959,-117.0106201171875,-3.689889430999756
4430,994,122.17,330,296.68232082,328760,7.742636826811278e-05,15937,17.12574005126953,0.3017374575138092,-116.5318832397461,-3.485332489013672
4440,994,122.27,331,297.30932257,329640,7.742636826811278e-05,15981,9.78995132446289,0.3007596731185913,-111.88555145263672,-3.7489089965820312
4450,995,122.72,332,298.1563434,331300,7.742636826811278e-05,16064,8.329269409179688,0.2988821864128113,-117.0603256225586,-3.8285794258117676
4460,996,122.93,333,298.80283526000005,332160,7.742636826811278e-05,16107,71.96883392333984,0.29790791869163513,-115.43492126464844,-3.7412266731262207
4470,997,123.05,334,299.26164202999996,333660,7.742636826811278e-05,16182,4.52704381942749,0.29623785614967346,-115.29341125488281,-3.8538289070129395
4480,997,122.88,335,298.7616307800001,334580,7.742636826811278e-05,16228,143.48878479003906,0.29522573947906494,-118.16710662841797,-3.556020736694336
4490,997,122.93,336,298.90781116,336120,7.742636826811278e-05,16305,7.257961750030518,0.29352742433547974,-119.22105407714844,-3.702178478240967
4500,998,122.84,337,299.33704905999997,337080,7.742636826811278e-05,16353,57.61051559448242,0.2924666106700897,-115.94184112548828,-3.7020680904388428
4510,998,123.06,338,300.17320239000003,338560,7.742636826811278e-05,16427,7.867535591125488,0.2908446490764618,-114.06594848632812,-3.718019723892212
4520,999,123.28,339,300.5050097,339600,7.742636826811278e-05,16479,5.47943115234375,0.2896953523159027,-118.03982543945312,-3.6591382026672363
4530,999,123.43,341,300.30571026,340980,7.742636826811278e-05,16548,6.88948917388916,0.2882061004638672,-119.13645935058594,-3.7977893352508545
4540,999,123.15,342,299.59621719,341980,7.742636826811278e-05,16598,5.471800804138184,0.2871440351009369,-115.04029083251953,-3.846961498260498
4550,1000,122.64,343,298.62666405,343440,7.742636826811278e-05,16671,67.47322082519531,0.28558430075645447,-117.05276489257812,-3.7143290042877197
4560,1001,122.65,344,299.11626797,344480,7.742636826811278e-05,16723,64.49772644042969,0.2844814956188202,-115.80615234375,-3.530734062194824
4570,1001,122.76,345,299.16896346000004,345860,7.742636826811278e-05,16792,7.0419721603393555,0.2830444574356079,-118.52558898925781,-3.837643623352051
4580,1002,123.28,346,300.42836013,346960,7.742636826811278e-05,16847,38.66729736328125,0.2818581461906433,-119.75845336914062,-3.858515739440918
4590,1003,123.12,347,301.09853988,348300,7.742636826811278e-05,16914,8.700244903564453,0.2804403305053711,-116.3622055053711,-3.839925527572632
4600,1004,123.14,347,301.08588657999996,349340,7.742636826811278e-05,16966,43.1503791809082,0.2793537974357605,-115.93643188476562,-3.799494504928589
4610,1005,123.11,348,301.08573843,350780,7.742636826811278e-05,17038,81.95307922363281,0.2778555154800415,-119.7229995727539,-3.721073865890503
4620,1006,123.28,349,300.91451127000005,351760,7.742636826811278e-05,17087,46.02961349487305,0.2768390476703644,-118.05960083007812,-3.6773905754089355
4630,1007,123.31,350,300.96056015,353260,7.742636826811278e-05,17162,7.258790969848633,0.2753123939037323,-120.99938201904297,-3.724809169769287
4640,1007,123.64,351,302.17863672,354300,7.742636826811278e-05,17214,13.014978408813477,0.2742697596549988,-117.31605529785156,-3.522709369659424
4650,1007,124.72,353,304.25945934000003,355840,7.742636826811278e-05,17291,33.487037658691406,0.27275535464286804,-118.38687133789062,-3.8297412395477295
4660,1008,125.27,353,304.4554018999999,356840,7.742636826811278e-05,17341,70.62969970703125,0.27173182368278503,-118.52166748046875,-3.630312442779541
4670,1009,125.56,354,304.90237113,358460,7.742636826811278e-05,17422,127.57357025146484,0.2700980305671692,-119.70231628417969,-3.6406192779541016
4680,1010,125.32,355,304.3830105100001,359280,7.742636826811278e-05,17463,8.305850982666016,0.26928097009658813,-115.63385772705078,-3.62451171875
4690,1011,125.44,356,304.39793963000005,360980,7.742636826811278e-05,17548,22.58618927001953,0.26759177446365356,-120.47296142578125,-3.4844892024993896
4700,1012,125.49,357,304.5290781,361820,7.742636826811278e-05,17590,14.851974487304688,0.26676100492477417,-116.23300170898438,-3.4804928302764893
4710,1013,125.35,358,304.15713979,363460,7.742636826811278e-05,17672,115.04383850097656,0.26518604159355164,-120.57258605957031,-4.012507438659668
4720,1014,125.23,359,304.2786938,364400,7.742636826811278e-05,17719,17.068939208984375,0.2642633318901062,-116.86495971679688,-3.4371984004974365
4730,1015,125.59,360,305.13021252000004,366080,7.742636826811278e-05,17803,12.414104461669922,0.2626100480556488,-123.0556869506836,-3.5783557891845703
4740,1016,126.19,361,305.74118265,366900,7.742636826811278e-05,17844,8.11442756652832,0.26180779933929443,-120.38419342041016,-4.122016906738281
4750,1017,125.96,362,305.19084568,368660,7.742636826811278e-05,17932,11.245845794677734,0.26011455059051514,-119.65604400634766,-3.8712871074676514
4760,1017,125.96,362,305.793279,369440,7.742636826811278e-05,17971,79.83268737792969,0.2593690752983093,-121.96541595458984,-3.925994873046875
4770,1019,126.34,364,306.24628384,371200,7.742636826811278e-05,18059,87.01698303222656,0.2576855719089508,-120.94400024414062,-3.740375280380249
4780,1019,126.63,364,306.51891518,372040,7.742636826811278e-05,18101,120.40623474121094,0.2568826675415039,-118.36724090576172,-3.857576608657837
4790,1021,127.18,365,307.57793804,373800,7.742636826811278e-05,18189,14.496979713439941,0.2552207112312317,-124.06185913085938,-3.806403875350952
4800,1021,128.11,366,309.32045353,374620,7.742636826811278e-05,18230,10.353120803833008,0.2544407248497009,-124.15480041503906,-3.615170955657959
4810,1023,128.26,367,309.90462537999997,376380,7.742636826811278e-05,18318,8.633905410766602,0.2527928650379181,-120.88795471191406,-3.6932406425476074
4820,1023,128.38,368,310.23372246,377140,7.742636826811278e-05,18356,13.297185897827148,0.25208836793899536,-125.96893310546875,-3.621621608734131
4830,1024,128.05,369,308.97485022000006,378820,7.742636826811278e-05,18440,42.91656494140625,0.2505367696285248,-120.94499206542969,-3.3841540813446045
4840,1025,127.57,370,308.37868145,379620,7.742636826811278e-05,18480,80.90617370605469,0.24982209503650665,-122.48098754882812,-3.5427989959716797
4850,1026,127.26,371,307.51971475,381320,7.742636826811278e-05,18565,20.0721435546875,0.24827095866203308,-121.59548950195312,-3.816380023956299
4860,1026,126.7,372,305.32738721,382100,7.742636826811278e-05,18604,12.073999404907227,0.24757078289985657,-120.15003967285156,-3.6357779502868652
4870,1028,126.1,373,304.52013652999995,383760,7.742636826811278e-05,18687,53.849403381347656,0.24610929191112518,-122.10295104980469,-3.8544974327087402
4880,1029,126.19,373,304.20254835000003,384760,7.742636826811278e-05,18737,11.8734130859375,0.24522677063941956,-122.94390869140625,-3.477670431137085
4890,1030,126.0,375,301.73450969000004,386340,7.742636826811278e-05,18816,55.722618103027344,0.2438696324825287,-122.0023193359375,-3.6420116424560547
4900,1030,125.58,375,299.76832679,387340,7.742636826811278e-05,18866,18.10828399658203,0.24301525950431824,-126.031005859375,-3.4051828384399414
4910,1031,125.97,376,298.42557198000003,388760,7.742636826811278e-05,18937,61.73016357421875,0.2417791783809662,-123.5948486328125,-3.4655849933624268
4920,1032,126.15,377,298.26660757999997,390080,7.742636826811278e-05,19003,55.3302001953125,0.24064204096794128,-120.24478149414062,-3.5261266231536865
4930,1033,127.79,378,300.12708562999995,391460,7.742636826811278e-05,19072,54.3936653137207,0.23945242166519165,-123.97634887695312,-3.7319564819335938
4940,1034,128.46,379,299.49277682,392600,7.742636826811278e-05,19129,7.700229167938232,0.23847274482250214,-120.69709777832031,-3.8949828147888184
4950,1035,129.0,380,299.44727174999997,394080,7.742636826811278e-05,19203,14.828184127807617,0.23720882833003998,-119.667236328125,-3.5747127532958984
4960,1036,129.59,381,300.19303544,395040,7.742636826811278e-05,19251,8.606939315795898,0.23637749254703522,-125.90110778808594,-3.403639316558838
4970,1037,130.08,382,299.2219562,396540,7.742636826811278e-05,19326,64.53809356689453,0.2350996434688568,-125.75383758544922,-3.9715535640716553
4980,1038,130.22,383,298.19380424999997,398120,7.742636826811278e-05,19405,65.3099365234375,0.23372872173786163,-123.85455322265625,-3.562065362930298
4990,1038,130.49,384,298.63182800000004,399300,7.742636826811278e-05,19464,137.65943908691406,0.23271159827709198,-126.77298736572266,-3.829622745513916
5000,1038,131.11,385,299.62993452,400520,7.742636826811278e-05,19525,10.814170837402344,0.2316625863313675,-124.19377136230469,-3.4967026710510254
5010,1039,130.96,386,300.39212948,401780,7.742636826811278e-05,19588,4.675628185272217,0.23058874905109406,-127.51530456542969,-3.9931559562683105
5020,1040,130.88,387,300.33276515000006,403220,7.742636826811278e-05,19660,26.622360229492188,0.2293795645236969,-120.46589660644531,-3.712327718734741
5030,1041,128.62,388,297.05444229,404320,7.742636826811278e-05,19715,16.75516128540039,0.2284809798002243,-121.89032745361328,-3.3166637420654297
5040,1042,127.98,389,296.8380445,405800,7.742636826811278e-05,19789,33.65172576904297,0.2272559553384781,-124.33447265625,-3.567450523376465
5050,1042,127.68,390,297.88901052999995,407080,7.742636826811278e-05,19853,13.64200496673584,0.22620435059070587,-124.61410522460938,-3.9224634170532227
5060,1043,128.28,391,298.61539151999995,408400,7.742636826811278e-05,19919,7.982160568237305,0.22510723769664764,-120.57563018798828,-3.4646387100219727
5070,1044,128.38,392,299.775326,409480,7.742636826811278e-05,19973,82.63899993896484,0.22423774003982544,-127.3394775390625,-3.490220546722412
5080,1045,128.19,393,300.58164051999995,410920,7.742636826811278e-05,20045,5.2954559326171875,0.2230498343706131,-126.63863372802734,-3.735870599746704
5090,1046,127.86,393,300.29608977,412280,7.742636826811278e-05,20113,12.64339828491211,0.22194509208202362,-125.44569396972656,-3.8980894088745117
5100,1047,127.79,394,300.39158924000003,413220,7.742636826811278e-05,20160,13.228782653808594,0.22119736671447754,-123.11837005615234,-3.5882186889648438
5110,1048,127.7,395,298.15030422,414600,7.742636826811278e-05,20229,12.760108947753906,0.22011196613311768,-125.84989929199219,-3.754243850708008
5120,1049,127.28,396,296.06003403,415860,7.742636826811278e-05,20292,32.2358512878418,0.21910205483436584,-124.6753158569336,-3.3406291007995605
5130,1049,128.52,397,298.31661977,417080,7.742636826811278e-05,20353,13.460474014282227,0.21814917027950287,-125.36746215820312,-3.7104523181915283
5140,1050,128.9,398,298.29614116000005,418300,7.742636826811278e-05,20414,37.138092041015625,0.21719108521938324,-123.06693267822266,-3.3917484283447266
5150,1051,128.21,398,295.51485848,419540,7.742636826811278e-05,20476,6.537118434906006,0.21621395647525787,-128.78086853027344,-3.949179172515869
5160,1052,126.77,399,294.34740571000003,420740,7.742636826811278e-05,20536,38.21406173706055,0.21526482701301575,-128.3419189453125,-3.126175880432129
5170,1053,126.19,400,292.81185013000004,422060,7.742636826811278e-05,20602,9.292948722839355,0.21423444151878357,-122.99838256835938,-3.7879855632781982
5180,1053,125.78,401,291.01218156,423020,7.742636826811278e-05,20650,17.648887634277344,0.21349148452281952,-129.47634887695312,-3.6562886238098145
5190,1054,125.86,402,290.02124817,424680,7.742636826811278e-05,20733,82.26673889160156,0.21222232282161713,-123.72532653808594,-3.2897677421569824
5200,1055,125.16,403,287.02228966,425720,7.742636826811278e-05,20785,41.95745086669922,0.2114401012659073,-124.78771209716797,-3.36765193939209
5210,1056,124.82,404,286.45351706,427260,7.742636826811278e-05,20862,28.05755043029785,0.210285946726799,-130.5721893310547,-3.238055467605591
5220,1057,125.23,405,286.19748789,428460,7.742636826811278e-05,20922,58.375091552734375,0.20938627421855927,-127.33338165283203,-3.5881762504577637
5230,1058,124.59,406,283.11531671,429780,7.742636826811278e-05,20988,72.03495788574219,0.2083844244480133,-126.08010864257812,-3.3023762702941895
5240,1059,124.2,406,280.80053776000005,430860,7.742636826811278e-05,21042,12.960413932800293,0.20758606493473053,-128.2578887939453,-3.717529773712158
5250,1060,124.47,407,279.77438943,432380,7.742636826811278e-05,21118,80.37346649169922,0.20643123984336853,-127.45925903320312,-3.6148905754089355
5260,1060,124.98,408,278.08708851000006,433260,7.742636826811278e-05,21162,7.775757312774658,0.20577505230903625,-132.1219940185547,-3.2320728302001953
5270,1061,125.2,409,276.83443565000005,434800,7.742636826811278e-05,21239,17.637697219848633,0.2046447992324829,-124.90438842773438,-3.7950193881988525
5280,1062,125.03,410,275.58479325999997,435600,7.742636826811278e-05,21279,12.127734184265137,0.20405638217926025,-128.28900146484375,-3.356097936630249
5290,1063,124.26,411,274.35963276999996,437220,7.742636826811278e-05,21360,11.491559982299805,0.2028474360704422,-129.31671142578125,-3.674030303955078
5300,1063,123.76,411,273.04135487,438020,7.742636826811278e-05,21400,81.27161407470703,0.20224717259407043,-125.56610107421875,-3.492112159729004
5310,1064,123.47,412,272.9788325900001,439620,7.742636826811278e-05,21480,16.57492446899414,0.20105744898319244,-127.45988464355469,-3.577549457550049
5320,1065,122.91,413,274.27828474,440380,7.742636826811278e-05,21518,8.859162330627441,0.20050674676895142,-131.24253845214844,-3.7058262825012207
5330,1066,122.68,414,276.9501866,442020,7.742636826811278e-05,21600,80.00274658203125,0.19931139051914215,-130.17332458496094,-3.632399082183838
5340,1066,122.86,415,278.31688393,442860,7.742636826811278e-05,21642,12.536396026611328,0.1986948847770691,-126.64456939697266,-3.4072861671447754
5350,1067,122.88,416,280.64815064999993,444520,7.742636826811278e-05,21725,35.80879211425781,0.19748327136039734,-129.75369262695312,-3.4221770763397217
5360,1068,122.97,416,283.40172352,445400,7.742636826811278e-05,21769,12.057571411132812,0.19684998691082,-128.7982177734375,-3.3275856971740723
5370,1069,122.83,417,286.07047635,446940,7.742636826811278e-05,21846,12.412351608276367,0.1958177238702774,-130.65626525878906,-3.791503429412842
5380,1070,123.53,418,287.37604276999997,447960,7.742636826811278e-05,21897,110.11219787597656,0.1951056718826294,-131.61268615722656,-3.3763370513916016
5390,1071,123.57,419,287.70021939000003,449440,7.742636826811278e-05,21971,73.36883544921875,0.1940862089395523,-124.70232391357422,-3.5465779304504395
5400,1071,123.8,420,290.42005504,450320,7.742636826811278e-05,22015,37.477638244628906,0.19345548748970032,-130.34722900390625,-3.7112317085266113
5410,1072,124.09,421,291.20083578,451960,7.742636826811278e-05,22097,23.671403884887695,0.19230371713638306,-135.8612518310547,-3.227564811706543
5420,1073,124.2,421,291.53518713,452840,7.742636826811278e-05,22141,53.161354064941406,0.19168508052825928,-124.92147827148438,-3.5755116939544678
5430,1074,124.96,423,291.11438964,454440,7.742636826811278e-05,22221,45.716590881347656,0.19060954451560974,-132.29623413085938,-3.7540197372436523
5440,1074,124.85,423,292.9551540599999,455380,7.742636826811278e-05,22268,9.102716445922852,0.18996493518352509,-131.71664428710938,-3.149658679962158
5450,1075,124.84,424,292.68505783000006,456840,7.742636826811278e-05,22341,22.099952697753906,0.18898190557956696,-126.870361328125,-3.2831549644470215
5460,1076,124.49,425,292.29323659,457840,7.742636826811278e-05,22391,8.613517761230469,0.1883215457201004,-130.45626831054688,-3.9416210651397705
5470,1077,124.39,426,291.30266617999996,459440,7.742636826811278e-05,22471,35.88871765136719,0.18725167214870453,-127.99581909179688,-3.427184581756592
5480,1078,124.64,427,293.2379818,460560,7.742636826811278e-05,22527,17.90867042541504,0.1865164339542389,-128.2444610595703,-2.8677425384521484
5490,1078,125.41,428,296.15768582000004,461940,7.742636826811278e-05,22596,67.83900451660156,0.1855783313512802,-128.57154846191406,-3.488278865814209
5500,1079,125.99,428,298.03763549999996,463080,7.742636826811278e-05,22653,51.738468170166016,0.18482425808906555,-129.23497009277344,-3.443915367126465
5510,1080,126.52,429,300.58133801,464460,7.742636826811278e-05,22722,10.919914245605469,0.1838984489440918,-133.21484375,-3.155973196029663
5520,1081,127.03,430,301.33249588999996,465760,7.742636826811278e-05,22787,42.77379608154297,0.18304432928562164,-129.49472045898438,-3.3096842765808105
5530,1081,126.58,431,301.45613298,466980,7.742636826811278e-05,22848,20.60462188720703,0.18224944174289703,-130.20123291015625,-3.1992175579071045
5540,1082,126.94,432,302.59767704999996,468320,7.742636826811278e-05,22915,10.097057342529297,0.18137966096401215,-130.6137237548828,-3.614600658416748
5550,1083,127.47,433,303.14827764999995,469360,7.742636826811278e-05,22967,16.62805938720703,0.18069498240947723,-127.4406967163086,-3.3333444595336914
5560,1084,127.71,434,304.89946242999997,470920,7.742636826811278e-05,23045,6.259219646453857,0.17971830070018768,-129.01956176757812,-3.389094352722168
5570,1084,128.29,435,306.80592785000005,472020,7.742636826811278e-05,23100,8.536416053771973,0.17901231348514557,-125.72653198242188,-3.108800172805786
5580,1085,127.58,436,306.78815902,473260,7.742636826811278e-05,23162,50.58964538574219,0.17822197079658508,-128.97900390625,-3.045654058456421
5590,1085,126.99,436,306.51831691,474420,7.742636826811278e-05,23220,11.587395668029785,0.17750592529773712,-128.4867706298828,-3.3893604278564453
5600,1086,126.95,438,306.84736707,476080,7.742636826811278e-05,23303,131.3840789794922,0.176461860537529,-135.29452514648438,-3.822984218597412
5610,1087,126.86,438,307.3702409,477200,7.742636826811278e-05,23359,73.28068542480469,0.17575980722904205,-128.7804718017578,-3.176870584487915
5620,1088,126.43,439,307.52526393,478520,7.742636826811278e-05,23425,18.82802963256836,0.1749296933412552,-129.6474609375,-3.022214889526367
5630,1088,127.21,440,309.23664957,479820,7.742636826811278e-05,23490,150.22891235351562,0.17412841320037842,-130.09776306152344,-3.2828493118286133
5640,1089,127.52,441,309.13086612,481040,7.742636826811278e-05,23551,116.23351287841797,0.1734132319688797,-131.79107666015625,-3.222567558288574
5650,1090,127.54,442,310.84856741000004,482360,7.742636826811278e-05,23617,60.546546936035156,0.17259709537029266,-126.61083984375,-3.2698943614959717
5660,1090,127.53,443,310.02447150999996,483540,7.742636826811278e-05,23676,121.3633804321289,0.17188425362110138,-129.835205078125,-3.3733925819396973
5670,1091,126.71,444,309.02314288,484820,7.742636826811278e-05,23740,49.63785934448242,0.17108461260795593,-131.57745361328125,-3.8176186084747314
5680,1092,126.79,445,309.96413144999997,485980,7.742636826811278e-05,23798,11.174043655395508,0.17039074003696442,-130.88946533203125,-3.0334553718566895
5690,1092,126.96,445,310.06528500999997,487300,7.742636826811278e-05,23864,10.889078140258789,0.1696251630783081,-135.43324279785156,-3.5143375396728516
5700,1093,126.63,446,309.38833135,488720,7.742636826811278e-05,23935,42.691314697265625,0.1687765121459961,-136.93630981445312,-3.2343595027923584
5710,1093,126.6,447,309.46335034000003,489820,7.742636826811278e-05,23990,8.7527494430542,0.1681310534477234,-127.09813690185547,-2.9701976776123047
5720,1094,126.81,448,310.39207799,491280,7.742636826811278e-05,24063,33.799476623535156,0.16728101670742035,-127.64968872070312,-3.0171713829040527
5730,1095,126.46,449,309.79431748,492340,7.742636826811278e-05,24116,5.735862731933594,0.1666748970746994,-135.28146362304688,-3.5425703525543213
5740,1095,126.13,450,309.82395182,493820,7.742636826811278e-05,24190,9.346575736999512,0.16581855714321136,-130.79461669921875,-2.775357484817505
5750,1096,125.81,451,309.04869263,494840,7.742636826811278e-05,24241,92.67649841308594,0.16522933542728424,-134.9462890625,-2.945972442626953
5760,1097,125.98,452,310.23738642999996,496340,7.742636826811278e-05,24316,70.54917907714844,0.16438105702400208,-134.69378662109375,-3.109072208404541
5770,1097,126.46,453,311.3295845,497420,7.742636826811278e-05,24370,14.426033020019531,0.16374853253364563,-130.99154663085938,-3.292508602142334
5780,1098,126.72,454,311.97145647,498860,7.742636826811278e-05,24442,29.16952133178711,0.1629379540681839,-129.3656005859375,-2.9770030975341797
5790,1098,126.95,455,313.06803458999997,499980,7.742636826811278e-05,24498,13.392821311950684,0.16230785846710205,-132.90296936035156,-3.275350570678711
